Date,Payment method,Gross,Refunds,Fees,Discounts,Transactions
16/09/2026,Cash,42.10,0.00,0.00,1.20,14
16/09/2026,Card,96.55,4.50,1.93,0.00,22
17/09/2026,Cash,38.90,0.00,0.00,0.00,11
17/09/2026,Card,104.20,0.00,2.08,3.40,25
18/09/2026,Cash,45.60,0.00,0.00,0.00,15
18/09/2026,Card,118.75,12.00,2.38,0.00,29
19/09/2026,Cash,39.80,0.00,0.00,0.90,12
19/09/2026,Card,109.30,0.00,2.19,0.00,26
20/09/2026,Cash,58.10,0.00,0.00,0.00,18
20/09/2026,Card,142.60,6.80,2.85,4.50,33
21/09/2026,Cash,48.05,0.00,0.00,0.00,16
21/09/2026,Card,112.70,0.00,2.25,0.00,27
22/09/2026,Cash,31.40,0.00,0.00,0.00,9
22/09/2026,Card,84.50,3.20,1.69,1.80,20
