Date,Impressions,Menu views,Conversions,Orders,Ad spend,Revenue from ads,Commission,Gross sales,Average position,Rating
2026-09-05,2736,228,4,18,5.38,14.42,22.09,73.62,3.2,4.7
2026-09-06,2561,197,5,18,4.71,18.48,22.14,73.80,3.7,4.4
2026-09-07,2223,171,4,14,6.00,16.05,17.39,57.96,3.1,
2026-09-08,2262,174,4,14,5.55,16.90,19.03,63.42,3.5,4.6
2026-09-09,1980,198,3,14,4.13,12.36,17.43,58.10,2.8,4.5
2026-09-10,1950,195,5,15,6.13,18.63,17.86,59.55,2.9,4.4
2026-09-11,2210,170,3,14,4.15,11.18,16.46,54.88,3.9,4.4
2026-09-12,2180,218,4,16,5.40,16.62,20.64,68.80,2.8,
2026-09-13,2460,205,4,19,5.61,18.62,24.51,81.70,4.4,4.6
2026-09-14,1920,160,3,16,4.32,13.74,18.91,63.04,3.3,4.7
2026-09-15,1719,191,4,15,5.12,17.42,19.62,65.40,2.7,4.5
2026-09-16,1870,187,3,16,4.63,13.49,21.94,73.12,4.2,4.8
2026-09-17,1680,168,5,14,5.28,20.51,18.02,60.06,3.4,4.7
2026-09-18,1830,183,4,14,4.60,18.54,18.19,60.62,2.9,4.8
