Date,Item name,Size,Item views,Orders,Item revenue,Category rank
2026-09-05,Caramel Latte,M,32,3,10.80,1
2026-09-05,Pistachio Latte,M,37,2,8.20,2
2026-09-05,Vanilla Latte,M,28,2,7.20,3
2026-09-05,Pistachio Latte,XL,14,3,12.90,4
2026-09-05,Pistachio Latte,S,14,1,3.90,5
2026-09-05,Caramel Latte,S,18,3,9.60,6
2026-09-05,Vanilla Latte,XL,13,0,0.00,7
2026-09-05,Vanilla Latte,S,11,1,3.20,8
2026-09-05,Caramel Latte,XL,13,2,8.20,9
2026-09-06,Caramel Latte,M,27,2,7.20,1
2026-09-06,Pistachio Latte,M,34,1,4.10,2
2026-09-06,Vanilla Latte,M,23,3,10.80,3
2026-09-06,Pistachio Latte,XL,16,2,8.60,4
2026-09-06,Pistachio Latte,S,15,0,0.00,5
2026-09-06,Caramel Latte,S,14,3,9.60,6
2026-09-06,Vanilla Latte,XL,11,0,0.00,7
2026-09-06,Vanilla Latte,S,14,2,6.40,8
2026-09-06,Caramel Latte,XL,9,0,0.00,9
2026-09-07,Caramel Latte,M,31,3,10.80,1
2026-09-07,Pistachio Latte,M,35,1,4.10,2
2026-09-07,Vanilla Latte,M,28,4,14.40,3
2026-09-07,Pistachio Latte,XL,19,1,4.30,4
2026-09-07,Pistachio Latte,S,14,2,7.80,5
2026-09-07,Caramel Latte,S,13,2,6.40,6
2026-09-07,Vanilla Latte,XL,14,0,0.00,7
2026-09-07,Vanilla Latte,S,10,2,6.40,8
2026-09-07,Caramel Latte,XL,12,2,8.20,9
2026-09-08,Caramel Latte,M,29,2,7.20,1
2026-09-08,Pistachio Latte,M,34,2,8.20,2
2026-09-08,Vanilla Latte,M,27,3,10.80,3
2026-09-08,Pistachio Latte,XL,16,2,8.60,4
2026-09-08,Pistachio Latte,S,13,0,0.00,5
2026-09-08,Caramel Latte,S,16,2,6.40,6
2026-09-08,Vanilla Latte,XL,15,2,8.20,7
2026-09-08,Vanilla Latte,S,14,1,3.20,8
2026-09-08,Caramel Latte,XL,12,2,8.20,9
2026-09-09,Caramel Latte,M,28,4,14.40,1
2026-09-09,Pistachio Latte,M,31,1,4.10,2
2026-09-09,Vanilla Latte,M,22,4,14.40,3
2026-09-09,Pistachio Latte,XL,17,1,4.30,4
2026-09-09,Pistachio Latte,S,14,2,7.80,5
2026-09-09,Caramel Latte,S,18,2,6.40,6
2026-09-09,Vanilla Latte,XL,14,2,8.20,7
2026-09-09,Vanilla Latte,S,12,0,0.00,8
2026-09-09,Caramel Latte,XL,8,0,0.00,9
2026-09-10,Caramel Latte,M,28,4,14.40,1
2026-09-10,Pistachio Latte,M,37,2,8.20,2
2026-09-10,Vanilla Latte,M,26,4,14.40,3
2026-09-10,Pistachio Latte,XL,17,1,4.30,4
2026-09-10,Pistachio Latte,S,10,0,0.00,5
2026-09-10,Caramel Latte,S,13,1,3.20,6
2026-09-10,Vanilla Latte,XL,12,2,8.20,7
2026-09-10,Vanilla Latte,S,12,2,6.40,8
2026-09-10,Caramel Latte,XL,7,1,4.10,9
2026-09-11,Caramel Latte,M,33,3,10.80,1
2026-09-11,Pistachio Latte,M,32,0,0.00,2
2026-09-11,Vanilla Latte,M,25,2,7.20,3
2026-09-11,Pistachio Latte,XL,15,2,8.60,4
2026-09-11,Pistachio Latte,S,13,2,7.80,5
2026-09-11,Caramel Latte,S,17,2,6.40,6
2026-09-11,Vanilla Latte,XL,17,0,0.00,7
2026-09-11,Vanilla Latte,S,15,0,0.00,8
2026-09-11,Caramel Latte,XL,7,2,8.20,9
2026-09-12,Caramel Latte,M,32,3,10.80,1
2026-09-12,Pistachio Latte,M,33,0,0.00,2
2026-09-12,Vanilla Latte,M,27,2,7.20,3
2026-09-12,Pistachio Latte,XL,20,2,8.60,4
2026-09-12,Pistachio Latte,S,10,0,0.00,5
2026-09-12,Caramel Latte,S,16,2,6.40,6
2026-09-12,Vanilla Latte,XL,16,0,0.00,7
2026-09-12,Vanilla Latte,S,11,0,0.00,8
2026-09-12,Caramel Latte,XL,10,2,8.20,9
2026-09-13,Caramel Latte,M,28,2,7.20,1
2026-09-13,Pistachio Latte,M,34,0,0.00,2
2026-09-13,Vanilla Latte,M,28,2,7.20,3
2026-09-13,Pistachio Latte,XL,18,1,4.30,4
2026-09-13,Pistachio Latte,S,16,1,3.90,5
2026-09-13,Caramel Latte,S,14,1,3.20,6
2026-09-13,Vanilla Latte,XL,17,2,8.20,7
2026-09-13,Vanilla Latte,S,12,1,3.20,8
2026-09-13,Caramel Latte,XL,11,0,0.00,9
2026-09-14,Caramel Latte,M,27,2,7.20,1
2026-09-14,Pistachio Latte,M,32,0,0.00,2
2026-09-14,Vanilla Latte,M,24,2,7.20,3
2026-09-14,Pistachio Latte,XL,17,1,4.30,4
2026-09-14,Pistachio Latte,S,15,2,7.80,5
2026-09-14,Caramel Latte,S,14,2,6.40,6
2026-09-14,Vanilla Latte,XL,15,1,4.10,7
2026-09-14,Vanilla Latte,S,14,1,3.20,8
2026-09-14,Caramel Latte,XL,13,1,4.10,9
2026-09-15,Caramel Latte,M,28,4,14.40,1
2026-09-15,Pistachio Latte,M,36,0,0.00,2
2026-09-15,Vanilla Latte,M,28,4,14.40,3
2026-09-15,Pistachio Latte,XL,19,1,4.30,4
2026-09-15,Pistachio Latte,S,13,2,7.80,5
2026-09-15,Caramel Latte,S,17,1,3.20,6
2026-09-15,Vanilla Latte,XL,13,2,8.20,7
2026-09-15,Vanilla Latte,S,13,1,3.20,8
2026-09-15,Caramel Latte,XL,11,0,0.00,9
2026-09-16,Caramel Latte,M,29,2,7.20,1
2026-09-16,Pistachio Latte,M,36,2,8.20,2
2026-09-16,Vanilla Latte,M,27,4,14.40,3
2026-09-16,Pistachio Latte,XL,19,3,12.90,4
2026-09-16,Pistachio Latte,S,12,1,3.90,5
2026-09-16,Caramel Latte,S,16,1,3.20,6
2026-09-16,Vanilla Latte,XL,12,1,4.10,7
2026-09-16,Vanilla Latte,S,13,1,3.20,8
2026-09-16,Caramel Latte,XL,8,2,8.20,9
2026-09-17,Caramel Latte,M,30,3,10.80,1
2026-09-17,Pistachio Latte,M,31,1,4.10,2
2026-09-17,Vanilla Latte,M,26,3,10.80,3
2026-09-17,Pistachio Latte,XL,17,2,8.60,4
2026-09-17,Pistachio Latte,S,15,0,0.00,5
2026-09-17,Caramel Latte,S,16,3,9.60,6
2026-09-17,Vanilla Latte,XL,13,2,8.20,7
2026-09-17,Vanilla Latte,S,15,1,3.20,8
2026-09-17,Caramel Latte,XL,9,2,8.20,9
2026-09-18,Caramel Latte,M,29,4,14.40,1
2026-09-18,Pistachio Latte,M,32,0,0.00,2
2026-09-18,Vanilla Latte,M,25,3,10.80,3
2026-09-18,Pistachio Latte,XL,19,3,12.90,4
2026-09-18,Pistachio Latte,S,16,2,7.80,5
2026-09-18,Caramel Latte,S,18,3,9.60,6
2026-09-18,Vanilla Latte,XL,14,0,0.00,7
2026-09-18,Vanilla Latte,S,11,2,6.40,8
2026-09-18,Caramel Latte,XL,11,2,8.20,9
