Order date,Listing impressions,Menu page views,Sponsored conversions,Order count,Marketing spend,Sponsored revenue,Service fee,Order value total,Search ranking,Review score
05/09/2026,1265,115,1,11,£1.77,3.44,6.24,44.55,4.0,5.6
06/09/2026,1166,106,1,12,£1.24,3.60,6.18,44.16,3.1,5.3
07/09/2026,896,112,1,8,£1.76,5.24,4.10,29.28,4.6,5.4
08/09/2026,658,94,1,8,£2.62,5.21,4.79,34.24,4.0,5.1
09/09/2026,1143,127,1,9,£1.85,4.45,5.38,38.43,3.7,5.2
10/09/2026,672,96,1,9,£1.90,4.70,5.23,37.35,3.5,5.0
11/09/2026,1040,130,2,9,£2.78,5.59,4.69,33.48,5.1,5.2
12/09/2026,1001,91,1,10,£1.76,5.24,5.78,41.30,4.9,5.3
13/09/2026,1419,129,1,11,£1.35,2.91,6.04,43.12,4.2,5.1
14/09/2026,1353,123,1,7,£1.23,2.66,3.71,26.53,3.5,5.2
15/09/2026,1008,112,1,9,£1.67,3.36,4.71,33.66,5.0,5.0
16/09/2026,1040,130,1,10,£1.66,5.07,5.87,41.90,4.9,5.2
17/09/2026,1290,129,1,9,£2.50,5.27,,34.56,3.8,5.0
18/09/2026,1070,107,1,9,£1.95,5.47,,36.54,4.2,5.2
