Order date,Menu item,Item impressions,Quantity sold,Item value,Position in category
05/09/2026,Caramel Latte (M),22,3,10.80,1
05/09/2026,Vanilla Latte (M),19,2,7.20,2
05/09/2026,Pistachio Latte (M),22,1,4.10,3
05/09/2026,Caramel Latte (S),15,0,0.00,4
05/09/2026,Iced Hazelnut Latte (M),12,2,8.00,5
06/09/2026,Caramel Latte (M),20,3,10.80,1
06/09/2026,Vanilla Latte (M),20,2,7.20,2
06/09/2026,Pistachio Latte (M),23,1,4.10,3
06/09/2026,Caramel Latte (S),14,2,6.40,4
06/09/2026,Iced Hazelnut Latte (M),9,0,0.00,5
07/09/2026,Caramel Latte (M),22,2,7.20,1
07/09/2026,Vanilla Latte (M),20,1,3.60,2
07/09/2026,Pistachio Latte (M),22,0,0.00,3
07/09/2026,Caramel Latte (S),11,0,0.00,4
07/09/2026,Iced Hazelnut Latte (M),11,0,0.00,5
08/09/2026,Caramel Latte (M),21,3,10.80,1
08/09/2026,Vanilla Latte (M),20,2,7.20,2
08/09/2026,Pistachio Latte (M),23,1,4.10,3
08/09/2026,Caramel Latte (S),15,1,3.20,4
08/09/2026,Iced Hazelnut Latte (M),12,0,0.00,5
09/09/2026,Caramel Latte (M),24,2,7.20,1
09/09/2026,Vanilla Latte (M),19,1,3.60,2
09/09/2026,Pistachio Latte (M),25,2,8.20,3
09/09/2026,Caramel Latte (S),11,1,3.20,4
09/09/2026,Iced Hazelnut Latte (M),13,0,0.00,5
10/09/2026,Caramel Latte (M),21,2,7.20,1
10/09/2026,Vanilla Latte (M),21,1,3.60,2
10/09/2026,Pistachio Latte (M),23,1,4.10,3
10/09/2026,Caramel Latte (S),14,2,6.40,4
10/09/2026,Iced Hazelnut Latte (M),10,2,8.00,5
11/09/2026,Caramel Latte (M),22,2,7.20,1
11/09/2026,Vanilla Latte (M),19,3,10.80,2
11/09/2026,Pistachio Latte (M),22,1,4.10,3
11/09/2026,Caramel Latte (S),12,2,6.40,4
11/09/2026,Iced Hazelnut Latte (M),11,1,4.00,5
12/09/2026,Caramel Latte (M),21,3,10.80,1
12/09/2026,Vanilla Latte (M),21,2,7.20,2
12/09/2026,Pistachio Latte (M),22,0,0.00,3
12/09/2026,Caramel Latte (S),11,1,3.20,4
12/09/2026,Iced Hazelnut Latte (M),12,0,0.00,5
13/09/2026,Caramel Latte (M),20,4,14.40,1
13/09/2026,Vanilla Latte (M),22,3,10.80,2
13/09/2026,Pistachio Latte (M),23,1,4.10,3
13/09/2026,Caramel Latte (S),15,1,3.20,4
13/09/2026,Iced Hazelnut Latte (M),10,1,4.00,5
14/09/2026,Caramel Latte (M),23,3,10.80,1
14/09/2026,Vanilla Latte (M),21,1,3.60,2
14/09/2026,Pistachio Latte (M),26,0,0.00,3
14/09/2026,Caramel Latte (S),12,0,0.00,4
14/09/2026,Iced Hazelnut Latte (M),9,1,4.00,5
15/09/2026,Caramel Latte (M),23,2,7.20,1
15/09/2026,Vanilla Latte (M),18,3,10.80,2
15/09/2026,Pistachio Latte (M),25,1,4.10,3
15/09/2026,Caramel Latte (S),15,1,3.20,4
15/09/2026,Iced Hazelnut Latte (M),13,1,4.00,5
16/09/2026,Caramel Latte (M),20,3,10.80,1
16/09/2026,Vanilla Latte (M),21,2,7.20,2
16/09/2026,Pistachio Latte (M),25,2,8.20,3
16/09/2026,Caramel Latte (S),15,2,6.40,4
16/09/2026,Iced Hazelnut Latte (M),10,0,0.00,5
17/09/2026,Caramel Latte (M),22,3,10.80,1
17/09/2026,Vanilla Latte (M),21,1,3.60,2
17/09/2026,Pistachio Latte (M),26,0,0.00,3
17/09/2026,Caramel Latte (S),11,1,3.20,4
17/09/2026,Iced Hazelnut Latte (M),12,0,0.00,5
18/09/2026,Caramel Latte (M),23,2,7.20,1
18/09/2026,Vanilla Latte (M),22,3,10.80,2
18/09/2026,Pistachio Latte (M),26,0,0.00,3
18/09/2026,Caramel Latte (S),14,1,3.20,4
18/09/2026,Iced Hazelnut Latte (M),9,1,4.00,5
