ops_name,description,deliveroo_name,chars
Raff Coffee,"Perfect match of espresso, pouring cream, milk and some vanilla syrup!",Raff Coffee,70
Orange Americano,A cosy taste of pure black americano with orange flavor,Orange Americano,55
Afternoon Deal,Choose your favorite drink and a muffin!,Afternoon Bundle,40
Flat White,Tasty and strong coffee with a latte-art,Flat white,40
Blue Lavender Matcha,A perfect match of blue matcha with lavender flavour,Hot Blue Lavender Matcha,52
Pom-Bear crisps,"Ready Salted Teddy Shaped Potato Snack. These Pom-Bear snacks are deliciously light and crispy, delicately flavoured and fun to eat. They are free from gluten, artificial colours and flavours, and also free of clothes! 19g",Pom-Bear Original Potato Snacks 19g,222
Lemon and Pistachio,"Classic squishy blondie, made it VLG and infused it with a zip of lemon, chopped pistachios and sweet white chocolate buttons. A pure textural delight!",Lemon and Pistachio,151
Tiramisu blondie,A dense and fudgy white chocolate blondie infused with rich Italian coffee and loaded with dark and white chocolate chunks throughout. Each caffeine-laden slice is topped with a flood of white chocolate and finished in traditional tiramisu fashion with a healthy dusting of cocoa powder.,Tiramisu blondie,287
Billionaire's shortbread,"One of our best sellers! Melt in the mouth biscuit base even better, before topping it with improved house-made caramel. Finished with a smooth, rich dark-milk chocolate and a flick of dark choc for extra flare",Billionaire’s shortbread,210
Toast with butter,You can choose your favorite portion of toast with butter! Perfect for your breakfast!,Toasts with butter,86
Soup of the day,Every day fresh and new taste of homemade soup,Soup of the day,46
Granola pot,"Vanilla yoghurt with some honey, granola with nuts topped with fresh fruits: strawberries, blueberries and raspberries",Fresh Granola Pod,118
Ham and Cheese Panini,Homemade ham&cheese mayo panini,Ham and cheese panini,31
Bacon roll,Always fresh bakery with perfect bacon!,Homemade Bacon Roll,39
Chia pudding,"Our new chia pudding! Chia seeds, Greek yogurt, cottage cheese, golden syrup, oats and fresh fruits!",Healthy Chia Pudding,100
Avocado toast,"Breakfast avocado toast made with: brown toast with seeds, fresh avocado with tomatoes, sliced avocado on top and wild rocket! Some salad on the side included!",Avocado toast,159
Iced banana bread hojicha,"The truly bast-seller of this autumn! Fresh banana mixed with cinnamon powder, ice, milk and hojicha on top!",Iced Banana Bread Hojicha,108
Ham and Cheese Toastie,White bloomer filled with Wiltshire ham and mild cheddar cheese. Topped with bechamel sauce. Cheddar and mozzarella cheese  469 kcal,Ham and cheese toastie,132
