file,image_url,deliveroo_names,width,height,fetch,third_party
photos/menu/black-americano.jpg,https://rs-menus-api.roocdn.com/images/adb199bf-4fc5-44ea-b300-f40339b63419/image.jpeg,Black Americano,1600,1600,?width=1600&height=1600&fit=crop&format=jpg,
photos/menu/white-americano.jpg,https://rs-menus-api.roocdn.com/images/401aca55-762f-42fb-bbf4-09b3e905125f/image.jpeg,White Americano,1600,1600,?width=1600&height=1600&fit=crop&format=jpg,
photos/menu/latte.jpg,https://rs-menus-api.roocdn.com/images/e359a6ca-cc5e-4956-ba2a-7b3c81f0efdf/image.jpeg,Latte,1600,1600,?width=1600&height=1600&fit=crop&format=jpg,
photos/menu/cappuccino.jpg,https://rs-menus-api.roocdn.com/images/f52981be-8098-4f1a-966a-80a326e866b7/image.jpeg,Cappucino,1600,1600,?width=1600&height=1600&fit=crop&format=jpg,
photos/menu/chai-latte.jpg,https://rs-menus-api.roocdn.com/images/7c4d88b2-7c90-4260-b02b-ed3f8a63e1ba/image.jpeg,Chai Latte,1600,1600,?width=1600&height=1600&fit=crop&format=jpg,
photos/menu/hot-chocolate.jpg,https://rs-menus-api.roocdn.com/images/172095b4-6a06-4c85-a25d-f6734f72fb17/image.jpeg,Hot Chocolate,1600,1600,?width=1600&height=1600&fit=crop&format=jpg,
photos/menu/white-hot-chocolate.jpg,https://rs-menus-api.roocdn.com/images/0895dc4c-701d-4599-8ed6-c2a65b0b168a/image.jpeg,White Hot Chocolate,1600,1600,?width=1600&height=1600&fit=crop&format=jpg,
photos/menu/mocha.jpg,https://rs-menus-api.roocdn.com/images/7d624021-337e-40bb-95e8-e750fde92f8e/image.jpeg,Mocha,1600,1600,?width=1600&height=1600&fit=crop&format=jpg,
photos/menu/white-mocha.jpg,https://rs-menus-api.roocdn.com/images/0ac7e6a9-b442-4112-b723-b9fc29542a23/image.jpeg,White Mocha,1600,1600,?width=1600&height=1600&fit=crop&format=jpg,
photos/menu/raff-coffee.jpg,https://rs-menus-api.roocdn.com/images/c2c3ff69-f361-4b35-bb79-488be8bff246/image.jpeg,Raff Coffee,1200,675,"original (source <1600px; full frame kept, not cropped)",
photos/menu/orange-americano.jpg,https://rs-menus-api.roocdn.com/images/990d23ec-a74e-4547-880a-3035ae999196/image.jpeg,Orange Americano,1200,675,"original (source <1600px; full frame kept, not cropped)",
photos/menu/espresso.jpg,https://rs-menus-api.roocdn.com/images/f61f6fd6-c69c-47a1-9493-b0538d7ac973/image.jpeg,Double Espresso | Single Espresso,1600,1600,?width=1600&height=1600&fit=crop&format=jpg,
photos/menu/macchiato.jpg,https://rs-menus-api.roocdn.com/images/4b198ec9-bfef-438d-96fc-8c32336f266e/image.jpeg,Double Macchiato | Single Macchiato,1600,1600,?width=1600&height=1600&fit=crop&format=jpg,
photos/menu/espresso-con-pana.jpg,https://rs-menus-api.roocdn.com/images/853f6d03-55d6-47b9-8813-2e658897c854/image.jpeg,Double Espresso con Pana | Single Espresso con Pana,1600,1600,?width=1600&height=1600&fit=crop&format=jpg,
photos/menu/cortado.jpg,https://rs-menus-api.roocdn.com/images/b0a31acb-47a5-4a0e-97de-3940957f3a83/image.jpeg,Catado,1600,1600,?width=1600&height=1600&fit=crop&format=jpg,
photos/menu/mocha-cortado.jpg,https://rs-menus-api.roocdn.com/images/d976248b-82ba-4726-8c71-aae3d1da18bd/image.jpeg,Mocha Cortado,1200,675,"original (source <1600px; full frame kept, not cropped)",
photos/menu/flat-white.jpg,https://rs-menus-api.roocdn.com/images/1619a982-80a8-42f0-8462-473e9ef36568/image.jpeg,Flat white,1600,1600,?width=1600&height=1600&fit=crop&format=jpg,
photos/menu/english-breakfast-tea.jpg,https://rs-menus-api.roocdn.com/images/b9a64bf1-350c-415f-854d-0b86706bead3/image.jpeg,English Breakfast Tea,1600,1600,?width=1600&height=1600&fit=crop&format=jpg,
photos/menu/earl-grey-tea.jpg,https://rs-menus-api.roocdn.com/images/06d66694-0a20-4b75-b756-15e89d2c0784/image.jpeg,Earl Grey Tea,1200,675,"original (source <1600px; full frame kept, not cropped)",
photos/menu/decaf-tea.jpg,https://rs-menus-api.roocdn.com/images/75aaa0dc-755f-4331-a952-fdcb4a7a1a5e/image.jpeg,Decaf Tea,1200,675,"original (source <1600px; full frame kept, not cropped)",
photos/menu/mint-tea.jpg,https://rs-menus-api.roocdn.com/images/e3c806bc-8f83-49b6-a8c3-db0ea397f960/image.jpeg,Mint Tea,1600,1600,?width=1600&height=1600&fit=crop&format=jpg,
photos/menu/green-tea.jpg,https://rs-menus-api.roocdn.com/images/1fa60578-21fa-4af9-8d32-0fea9db0302b/image.jpeg,Green Tea,1600,1600,?width=1600&height=1600&fit=crop&format=jpg,
photos/menu/berry-tea.jpg,https://rs-menus-api.roocdn.com/images/17d088ec-c7d5-4c65-a31b-ff846b8f646a/image.jpeg,Berry Tea,1600,1600,?width=1600&height=1600&fit=crop&format=jpg,
photos/menu/strawberry-black-tea.jpg,https://rs-menus-api.roocdn.com/images/05322052-c3da-41cd-9f36-2edf0024f193/image.jpeg,Strawberry Black Tea,1600,1600,?width=1600&height=1600&fit=crop&format=jpg,
photos/menu/ginger-and-lemongrass-tea.jpg,https://rs-menus-api.roocdn.com/images/b8b0c6ae-a890-4baa-a0c9-46981fee7ba8/image.jpeg,Ginger and Lemongrass Tea,1600,1600,?width=1600&height=1600&fit=crop&format=jpg,
photos/menu/jasmine-and-mint-green-tea.jpg,https://rs-menus-api.roocdn.com/images/92eadfc7-71e3-4635-9904-62329864746c/image.jpeg,Jasmine and Mint Green Tea,1600,1600,?width=1600&height=1600&fit=crop&format=jpg,
photos/menu/spiced-apple-chai.jpg,https://rs-menus-api.roocdn.com/images/b36ec419-f1bc-4d86-ae9c-be454c68e8ef/image.jpeg,Spiced Apple Chai,1600,1600,?width=1600&height=1600&fit=crop&format=jpg,
photos/menu/forest-fruits-tea.jpg,https://rs-menus-api.roocdn.com/images/9873b3ee-6e35-4e66-b13e-7e4a6de3a06e/image.jpeg,Forest Fruits Tea,1600,1600,?width=1600&height=1600&fit=crop&format=jpg,
photos/menu/hot-blue-honey-matcha.jpg,https://rs-menus-api.roocdn.com/images/9c4717f8-9192-4db0-b009-f6ba38bcc74a/image.jpeg,Hot Blue Honey Matcha,1200,675,"original (source <1600px; full frame kept, not cropped)",
photos/menu/hot-matcha.jpg,https://rs-menus-api.roocdn.com/images/9e9817e1-751b-4a8e-904d-4f10f655fdb6/image.jpeg,Hot Matcha,1200,675,"original (source <1600px; full frame kept, not cropped)",
photos/menu/hot-strawberry-matcha.jpg,https://rs-menus-api.roocdn.com/images/9995ca14-bb79-4c51-80be-1a9c2971555d/image.jpeg,Hot Strawberry Matcha,1200,675,"original (source <1600px; full frame kept, not cropped)",
photos/menu/hot-vanilla-matcha.jpg,https://rs-menus-api.roocdn.com/images/dad8c32a-3a45-4dfb-9fde-44d966724232/image.jpeg,Hot Vanilla Matcha,1200,675,"original (source <1600px; full frame kept, not cropped)",
photos/menu/hot-white-choc-matcha.jpg,https://rs-menus-api.roocdn.com/images/0edb27ee-43e7-452c-9bd8-7500a7fa1ef7/image.jpeg,Hot White Choc Matcha,1200,675,"original (source <1600px; full frame kept, not cropped)",
photos/menu/hot-lavender-matcha.jpg,https://rs-menus-api.roocdn.com/images/ba4db31b-6936-4f35-b516-b3b6f52da3c5/image.jpeg,Hot Lavender Matcha,1200,675,"original (source <1600px; full frame kept, not cropped)",
photos/menu/hot-rose-matcha.jpg,https://rs-menus-api.roocdn.com/images/dc377add-ef4d-488e-a31b-fbc90558e998/image.jpeg,Hot Rose Matcha,1200,675,"original (source <1600px; full frame kept, not cropped)",
photos/menu/hot-blue-lavender-matcha.jpg,https://rs-menus-api.roocdn.com/images/f2e3b500-0007-48a5-9139-e30253b92aef/image.jpeg,Hot Blue Lavender Matcha,1200,675,"original (source <1600px; full frame kept, not cropped)",
photos/menu/hot-blue-vanilla-matcha.jpg,https://rs-menus-api.roocdn.com/images/595a4d83-2848-4386-b49d-56f02de5b586/image.jpeg,Hot Blue Vanilla Matcha,1200,675,"original (source <1600px; full frame kept, not cropped)",
photos/menu/iced-black-americano.jpg,https://rs-menus-api.roocdn.com/images/dc1c3b77-f011-4008-972b-a90de5f9099a/image.jpeg,Iced Black Americano,1200,675,"original (source <1600px; full frame kept, not cropped)",
photos/menu/iced-white-americano.jpg,https://rs-menus-api.roocdn.com/images/596b7df0-ed72-4dea-b73a-5df867101394/image.jpeg,Iced White Americano,1200,675,"original (source <1600px; full frame kept, not cropped)",
photos/menu/iced-latte.jpg,https://rs-menus-api.roocdn.com/images/ec0eb9cb-544a-42d4-8316-93ff68041f10/image.jpeg,Iced Latte,1200,675,"original (source <1600px; full frame kept, not cropped)",
photos/menu/iced-cappuccino.jpg,https://rs-menus-api.roocdn.com/images/9b032f87-36a7-4c88-963d-c28335195f4c/image.jpeg,Iced Cappuccino,1200,675,"original (source <1600px; full frame kept, not cropped)",
photos/menu/iced-chai-latte.jpg,https://rs-menus-api.roocdn.com/images/f87b00b6-1e02-4530-b537-5bcb18454b12/image.jpeg,Iced Chai Latte,1200,675,"original (source <1600px; full frame kept, not cropped)",
photos/menu/iced-mocha.jpg,https://rs-menus-api.roocdn.com/images/d46cb0e9-141b-427d-8c5f-a7184cc78b9e/image.jpeg,Iced Mocha,1600,1600,?width=1600&height=1600&fit=crop&format=jpg,
photos/menu/iced-white-mocha.jpg,https://rs-menus-api.roocdn.com/images/68c49aee-1b48-4e67-9ed5-6e1e9d5bb1fe/image.jpeg,Iced White Mocha,1200,675,"original (source <1600px; full frame kept, not cropped)",
photos/menu/iced-flat-white.jpg,https://rs-menus-api.roocdn.com/images/ab3191a4-b460-415a-9e02-199811cc8449/image.jpeg,Iced Flat White,1200,675,"original (source <1600px; full frame kept, not cropped)",
photos/menu/espresso-tonic.jpg,https://rs-menus-api.roocdn.com/images/0ed76270-fb99-4785-9117-44787728e49f/image.jpeg,Espresso Tonic,1600,1600,?width=1600&height=1600&fit=crop&format=jpg,
photos/menu/iced-lavender-matcha.jpg,https://rs-menus-api.roocdn.com/images/ef70c88d-4411-40ad-8b0a-d268a973079a/image.jpeg,Iced Lavender Matcha,1200,675,"original (source <1600px; full frame kept, not cropped)",
photos/menu/iced-rose-matcha.jpg,https://rs-menus-api.roocdn.com/images/4605daea-751e-45b9-920c-fb001c869f25/image.jpeg,Iced Rose Matcha,1200,675,"original (source <1600px; full frame kept, not cropped)",
photos/menu/iced-peach-matcha.jpg,https://rs-menus-api.roocdn.com/images/4f77a2fa-6a05-4b3d-92ba-e3c1f8585301/image.jpeg,Iced Peach Matcha,1200,675,"original (source <1600px; full frame kept, not cropped)",
photos/menu/iced-mango-matcha.jpg,https://rs-menus-api.roocdn.com/images/25d95747-60c4-42dc-b9cf-6138d0f33d4e/image.jpeg,Iced Mango Matcha,1200,675,"original (source <1600px; full frame kept, not cropped)",
photos/menu/iced-strawberry-matcha.jpg,https://rs-menus-api.roocdn.com/images/3846efa5-35fd-4e49-8ea6-1c1f870a72a3/image.jpeg,Iced Strawberry Matcha,1200,675,"original (source <1600px; full frame kept, not cropped)",
photos/menu/iced-coconut-matcha.jpg,https://rs-menus-api.roocdn.com/images/74d29b20-0705-42a1-9c9f-a7b6d331238a/image.jpeg,Iced Coconut Matcha,1200,675,"original (source <1600px; full frame kept, not cropped)",
photos/menu/iced-banana-matcha.jpg,https://rs-menus-api.roocdn.com/images/1cb98f01-8efb-4265-bfcc-23cfc8776e60/image.jpeg,Iced Banana Matcha,1200,675,"original (source <1600px; full frame kept, not cropped)",
photos/menu/iced-citrus-blue-matcha.jpg,https://rs-menus-api.roocdn.com/images/4ad07094-c3d6-4801-a3ce-ebbec2a57423/image.jpeg,Iced Citrus Blue Matcha,1600,1600,?width=1600&height=1600&fit=crop&format=jpg,
photos/menu/green-apple-bubble-tea.jpg,https://rs-menus-api.roocdn.com/images/3ae1ba51-81fd-4e54-8c59-6e883827e85d/image.jpeg,Green Apple Bubble Tea,1200,675,"original (source <1600px; full frame kept, not cropped)",
photos/menu/passion-fruit-bubble-tea.jpg,https://rs-menus-api.roocdn.com/images/17a8b0aa-8f0d-4460-8825-dcf776ec3cfb/image.jpeg,Passion Fruit Bubble Tea,1200,675,"original (source <1600px; full frame kept, not cropped)",
photos/menu/kiwi-bubble-tea.jpg,https://rs-menus-api.roocdn.com/images/8a2714f1-13ac-486d-a0ab-9ac929ea352f/image.jpeg,Kiwi Bubble Tea,1200,675,"original (source <1600px; full frame kept, not cropped)",
photos/menu/honey-bubble-tea.jpg,https://rs-menus-api.roocdn.com/images/758fd067-ee50-428d-8896-8bd5b6f776be/image.jpeg,Honey Bubble Tea,1200,675,"original (source <1600px; full frame kept, not cropped)",
photos/menu/iced-lemon-and-honey-tea.jpg,https://rs-menus-api.roocdn.com/images/69a7dc57-7c77-454f-bfb9-e172ecf48d61/image.jpeg,Iced Lemon and Honey Tea,1600,1600,?width=1600&height=1600&fit=crop&format=jpg,
photos/menu/peach-iced-tea.jpg,https://rs-menus-api.roocdn.com/images/a04c6dec-7406-459a-89e9-fd73f2999efe/image.jpeg,Peach Iced Tea,1600,1600,?width=1600&height=1600&fit=crop&format=jpg,
photos/menu/iced-rose-tea.jpg,https://rs-menus-api.roocdn.com/images/04e5e893-2677-4ea1-b5d2-3c393fb12c9f/image.jpeg,Iced Rose Tea,1600,1600,?width=1600&height=1600&fit=crop&format=jpg,
photos/menu/banana-vanilla-milkshake.jpg,https://rs-menus-api.roocdn.com/images/c314484d-24cc-44eb-87b6-049ce2891a4a/image.jpeg,Banana Milkshake | Vanilla Milkshake,1200,675,"original (source <1600px; full frame kept, not cropped)",
photos/menu/salted-caramel-milkshake.jpg,https://rs-menus-api.roocdn.com/images/3eb1531e-0857-4784-b3b1-4572f19d8f34/image.jpeg,Salted Caramel Coffee Milkshake | Salted Caramel Milkshake,1200,675,"original (source <1600px; full frame kept, not cropped)",
photos/menu/coffee-milkshake.jpg,https://rs-menus-api.roocdn.com/images/b322aa2b-3b37-4280-b4ed-e8875a42401e/image.jpeg,Coffee Milkshake,1200,675,"original (source <1600px; full frame kept, not cropped)",
photos/menu/chocolate-coffee-milkshake.jpg,https://rs-menus-api.roocdn.com/images/916ad500-f0c0-4048-8683-4fab2c51f2c1/image.jpeg,Chocolate Coffee Milkshake,1200,675,"original (source <1600px; full frame kept, not cropped)",
photos/menu/chocolate-milkshake.jpg,https://rs-menus-api.roocdn.com/images/6499788b-ca13-4005-a926-187d5e525526/image.jpeg,Chocolate Milkshake,1600,1600,?width=1600&height=1600&fit=crop&format=jpg,
photos/menu/strawberry-milkshake.jpg,https://rs-menus-api.roocdn.com/images/1e598cc3-c18d-4e68-aea2-437e3b012110/image.jpeg,Strawberry Milkshake,1200,675,"original (source <1600px; full frame kept, not cropped)",
photos/menu/raspberry-milkshake.jpg,https://rs-menus-api.roocdn.com/images/8732ee50-90e6-4ca5-91fd-c0a55c21294a/image.jpeg,Raspberry Milkshake,1200,675,"original (source <1600px; full frame kept, not cropped)",
photos/menu/coca-cola-330ml.jpg,https://rs-menus-api.roocdn.com/images/c3b1e87c-9254-4f8d-a269-7b5b90f44329/image.jpeg,Coca Cola 330ml,1200,675,"original (source <1600px; full frame kept, not cropped)",yes
photos/menu/coca-cola-zero-330ml.jpg,https://rs-menus-api.roocdn.com/images/3e3e4f28-da77-4ac6-a103-9576c855a957/image.jpeg,Coca Cola Zero 330ml,1200,675,"original (source <1600px; full frame kept, not cropped)",
photos/menu/diet-coke-330ml.jpg,https://rs-menus-api.roocdn.com/images/ac98e604-60a0-49ae-b79a-d6de0ca3b67b/image.jpeg,Diet Coke 330ml,1200,675,"original (source <1600px; full frame kept, not cropped)",
photos/menu/sprite-330ml.jpg,https://rs-menus-api.roocdn.com/images/9ba66dd1-1af0-4dbe-8963-64c4538ab90c/image.jpeg,Sprite 330ml,1200,675,"original (source <1600px; full frame kept, not cropped)",
photos/menu/irn-brew-330ml.jpg,https://rs-menus-api.roocdn.com/images/f8aedfa2-d759-4ab9-b4e3-66d0d2cc3f55/image.jpeg,Irn Brew 330ml,1200,675,"original (source <1600px; full frame kept, not cropped)",
photos/menu/irn-brew-sf-330ml.jpg,https://rs-menus-api.roocdn.com/images/15a1ecbb-f809-4889-85fd-7da063ff1c4a/image.jpeg,Irn Brew SF 330ml,1200,675,"original (source <1600px; full frame kept, not cropped)",
photos/menu/fanta-330ml.jpg,https://rs-menus-api.roocdn.com/images/a79fff4c-eb32-4d8f-8cf3-6fe104d956d6/image.jpeg,Fanta 330ml,1200,675,"original (source <1600px; full frame kept, not cropped)",yes
photos/menu/still-water.jpg,https://rs-menus-api.roocdn.com/images/c18b0b4d-1db2-4e48-9a4c-1ae43c0c333a/image.jpeg,Still Water,1200,675,"original (source <1600px; full frame kept, not cropped)",yes
photos/menu/sparkling-water.jpg,https://rs-menus-api.roocdn.com/images/23e2abc1-99ca-4093-a011-76c47cbd299c/image.jpeg,Sparkling Water,1200,675,"original (source <1600px; full frame kept, not cropped)",
photos/menu/apple-juice.jpg,https://rs-menus-api.roocdn.com/images/492b337c-b3cd-4eef-bad4-de05371f20a0/image.jpeg,Apple Juice,1200,675,"original (source <1600px; full frame kept, not cropped)",yes
photos/menu/salt-and-vinegar-pringles-40g.jpg,https://rs-menus-api.roocdn.com/images/2ae5e8bd-8cd2-4282-888a-3afe85dffd1c/image.jpeg,Salt & Vinegar Pringles 40g,1200,675,"original (source <1600px; full frame kept, not cropped)",
photos/menu/bbq-pringles-40g.jpg,https://rs-menus-api.roocdn.com/images/1913ebb4-b5f4-4833-a65e-6619f49513f6/image.jpeg,BBQ Pringles 40g,1600,1600,?width=1600&height=1600&fit=crop&format=jpg,
photos/menu/dark-blue-wafer.jpg,https://rs-menus-api.roocdn.com/images/12ac51c6-c9da-48d3-9698-3c04d1c0b70a/image.jpeg,Dark Blue Wafer,1200,675,"original (source <1600px; full frame kept, not cropped)",yes
photos/menu/pringles-sour-cream-and-onion-40g.jpg,https://rs-menus-api.roocdn.com/images/2e61f5cf-e03c-48c2-bf6d-477cd8b2424a/image.jpeg,Pringles Sour Cream & Onion 40g,1600,1600,?width=1600&height=1600&fit=crop&format=jpg,
photos/menu/pom-bear-original-potato-snacks-19g.jpg,https://rs-menus-api.roocdn.com/images/191e4bcc-fe54-46cc-b905-db9fc3abdf19/image.jpeg,Pom-Bear Original Potato Snacks 19g,1600,1600,?width=1600&height=1600&fit=crop&format=jpg,
photos/menu/balocco-snack-vanilla-wafers-45g.jpg,https://rs-menus-api.roocdn.com/images/a9ddd15a-5504-47b1-9751-dc4af617905a/image.jpeg,Balocco Snack Vanilla Wafers 45g,1200,675,"original (source <1600px; full frame kept, not cropped)",
photos/menu/pringles-original-40g.jpg,https://rs-menus-api.roocdn.com/images/28b1fa39-b2aa-424a-b325-0edd3781b2d2/image.jpeg,Pringles Original 40g,1600,1600,?width=1600&height=1600&fit=crop&format=jpg,
photos/menu/fresh-cinnamon-bun.jpg,https://rs-menus-api.roocdn.com/images/55eab2f4-44e0-4668-8e74-b87c0b31551c/image.jpeg,Fresh Cinnamon Bun,1600,1600,?width=1600&height=1600&fit=crop&format=jpg,
photos/menu/white-chocolate-macadamia-and-miso-cookie.jpg,https://rs-menus-api.roocdn.com/images/4047a273-58f1-48bf-ad84-7e6ca255d1c0/image.jpeg,"White chocolate, Macadamia&Miso cookie",1200,675,"original (source <1600px; full frame kept, not cropped)",
photos/menu/lemon-and-pistachio.jpg,https://rs-menus-api.roocdn.com/images/b8b9eab0-a24e-453f-ac71-816ff4c8eb68/image.jpeg,Lemon and Pistachio,1200,675,"original (source <1600px; full frame kept, not cropped)",
photos/menu/tiramisu-blondie.jpg,https://rs-menus-api.roocdn.com/images/06558d0e-c116-41e0-93d7-33a6ec9bec70/image.jpeg,Tiramisu blondie,1200,675,"original (source <1600px; full frame kept, not cropped)",
photos/menu/billionaires-shortbread.jpg,https://rs-menus-api.roocdn.com/images/9fdf7571-ff37-4b38-89f4-7fd12464c252/image.jpeg,Billionaire’s shortbread,1200,675,"original (source <1600px; full frame kept, not cropped)",yes
photos/menu/ultimate-brownie.jpg,https://rs-menus-api.roocdn.com/images/e5d64421-95e4-4dbb-bd5d-076427651479/image.jpeg,Ultimate Brownie,1376,768,"original (source <1600px; full frame kept, not cropped)",
photos/menu/vegan-blueberry-bakewell.jpg,https://rs-menus-api.roocdn.com/images/b2720834-1af4-4450-bd94-a34cb6b6acba/image.jpeg,Vegan Blueberry Bakewell,1376,768,"original (source <1600px; full frame kept, not cropped)",
photos/menu/toasted-coconut-dark-chocolate.jpg,https://rs-menus-api.roocdn.com/images/60165ec5-d772-4696-9758-5fc7776166db/image.jpeg,Toasted Coconut Dark Chocolate,1200,675,"original (source <1600px; full frame kept, not cropped)",
photos/menu/the-handmade-cake-company-gluten-free-chocolate-brownie-60g.jpg,https://rs-menus-api.roocdn.com/images/4d8cac09-ad9a-4010-bed3-a1b58acab5ac/image.jpeg,The Handmade Cake Company Gluten-Free Chocolate Brownie 60g,1200,675,"original (source <1600px; full frame kept, not cropped)",yes
photos/menu/toasts-with-butter.jpg,https://rs-menus-api.roocdn.com/images/afdee1bc-4b19-4f0c-a12a-2acad31d671b/image.jpeg,Toasts with butter,1200,675,"original (source <1600px; full frame kept, not cropped)",
photos/menu/soup-of-the-day.jpg,https://rs-menus-api.roocdn.com/images/87bc6bd5-77ea-4ab4-919b-9928e4bfc26b/image.jpeg,Soup of the day,1200,675,"original (source <1600px; full frame kept, not cropped)",yes
photos/menu/houmous-and-halloumi-croissant.jpg,https://rs-menus-api.roocdn.com/images/fc472504-88ae-4a96-860e-5656273e0b23/image.jpeg,Houmous&Halloumi Croissant,1600,1600,?width=1600&height=1600&fit=crop&format=jpg,
photos/menu/fresh-granola-pod.jpg,https://rs-menus-api.roocdn.com/images/3e18befa-492b-4f42-973a-f053d9689592/image.jpeg,Fresh Granola Pod,1600,1600,?width=1600&height=1600&fit=crop&format=jpg,
photos/menu/breakfast-croissant.jpg,https://rs-menus-api.roocdn.com/images/588373dd-18c6-40f5-8725-eeb7b87495ab/image.jpeg,Breakfast croissant,1600,1600,?width=1600&height=1600&fit=crop&format=jpg,
photos/menu/houmous-and-prosciutto.jpg,https://rs-menus-api.roocdn.com/images/b95832d7-907d-414e-8a86-2bb8365636dd/image.jpeg,Houmous&Prosciutto,1600,1600,?width=1600&height=1600&fit=crop&format=jpg,
photos/menu/breakfast-baton.jpg,https://rs-menus-api.roocdn.com/images/18321061-64b0-4026-b9e8-aa5398026aaa/image.jpeg,Breakfast Baton,1600,1600,?width=1600&height=1600&fit=crop&format=jpg,
photos/menu/healthy-chia-pudding.jpg,https://rs-menus-api.roocdn.com/images/5ffcb5f4-8e96-484b-9716-b78a30fe62b8/image.jpeg,Healthy Chia Pudding,1600,1600,?width=1600&height=1600&fit=crop&format=jpg,
photos/menu/iced-banana-bread-hojicha.jpg,https://rs-menus-api.roocdn.com/images/f8597735-119e-4585-8031-f1ce36b14a77/image.jpeg,Iced Banana Bread Hojicha,1200,675,"original (source <1600px; full frame kept, not cropped)",
photos/menu/blue-lagoon.jpg,https://rs-menus-api.roocdn.com/images/a6b2e5ea-7714-4ebe-953f-7037473d2078/image.jpeg,Blue Lagoon,1200,675,"original (source <1600px; full frame kept, not cropped)",
photos/menu/golden-creamy-maple-latte.jpg,https://rs-menus-api.roocdn.com/images/6e88923c-4d96-416f-b19a-90ca0f72d0db/image.jpeg,Golden Creamy Maple Latte,1600,1600,?width=1600&height=1600&fit=crop&format=jpg,
photos/menu/london-fog-tea.jpg,https://rs-menus-api.roocdn.com/images/cd6ba430-7d1a-495b-ad1a-36e668107642/image.jpeg,London Fog Tea,1600,1600,?width=1600&height=1600&fit=crop&format=jpg,
photos/menu/creamy-pumpkin-spice-latte.jpg,https://rs-menus-api.roocdn.com/images/437611c6-198c-4983-a7ff-a87c6677e2b3/image.jpeg,Creamy Pumpkin Spice Latte,1200,675,"original (source <1600px; full frame kept, not cropped)",
photos/menu/maple-latte.jpg,https://rs-menus-api.roocdn.com/images/2ee76fba-bb16-4052-9cd8-ec358102bc9e/image.jpeg,Maple Latte,1600,1600,?width=1600&height=1600&fit=crop&format=jpg,
photos/menu/spanish-latte.jpg,https://rs-menus-api.roocdn.com/images/72f6b009-a571-4b00-a73f-6a135d39305d/image.jpeg,Spanish Latte,1600,1600,?width=1600&height=1600&fit=crop&format=jpg,
photos/menu/spanish-white-hot-chocolate.jpg,https://rs-menus-api.roocdn.com/images/739b3a67-3c80-4816-9312-22f862bd90ae/image.jpeg,Spanish White Hot Chocolate,1376,768,"original (source <1600px; full frame kept, not cropped)",
photos/menu/banana-bread-latte.jpg,https://rs-menus-api.roocdn.com/images/7c01a10a-276e-4040-91c3-b6879205fb17/image.jpeg,Banana Bread Latte,1200,675,"original (source <1600px; full frame kept, not cropped)",
photos/menu/apple-pie-latte.jpg,https://rs-menus-api.roocdn.com/images/6a6d1165-c98c-4ca7-b097-7ed2cc1817d0/image.jpeg,Apple Pie Latte,1200,675,"original (source <1600px; full frame kept, not cropped)",
photos/menu/iced-pumpkin-maple-matcha.jpg,https://rs-menus-api.roocdn.com/images/d74ffd45-d8ec-4466-92be-16a646952310/image.jpeg,Iced Pumpkin Maple Matcha,1200,675,"original (source <1600px; full frame kept, not cropped)",
photos/menu/cherry-bomb.jpg,https://rs-menus-api.roocdn.com/images/b1051512-15e8-4b82-b40a-d1106736cd92/image.jpeg,Cherry Bomb,1200,675,"original (source <1600px; full frame kept, not cropped)",
photos/menu/iced-brown-sugar-hojicha.jpg,https://rs-menus-api.roocdn.com/images/1f3a6309-6e5c-470a-b73a-61771f214160/image.jpeg,Iced Brown Sugar Hojicha,1200,675,"original (source <1600px; full frame kept, not cropped)",
photos/menu/iced-biscoff-hojicha.jpg,https://rs-menus-api.roocdn.com/images/76d52021-5869-43d8-bc0e-3ce35796dbc3/image.jpeg,Iced Biscoff Hojicha,1200,675,"original (source <1600px; full frame kept, not cropped)",
photos/menu/ham-and-cheese-toastie.jpg,https://rs-menus-api.roocdn.com/images/ddba2444-e118-4a3b-8f3d-20f6223286b0/image.jpeg,Ham and cheese toastie,1200,675,"original (source <1600px; full frame kept, not cropped)",yes
photos/menu/mozzarella-and-pesto-toastie.jpg,https://rs-menus-api.roocdn.com/images/a7962a61-bf4c-4c8e-868f-7b92974b07d9/image.jpeg,Mozzarella and pesto toastie,1200,675,"original (source <1600px; full frame kept, not cropped)",
