name,is_new,unit,category,storage,shelf_life_days,open_life_days,allergens,source_url,fetched_on,note
Hojicha powder,true,KG,Tea,AMBIENT,,,,https://hojicha.co/products/wholesale-hojicha-powder,2026-09-28,roasted green tea powder for autumn hojicha drinks
Brown sugar syrup,true,ML,Syrup,AMBIENT,,,,https://www.cremashop.eu/en/products/tifc/syrup-brown-sugar,2026-09-28,bubble-tea brown sugar syrup
Biscoff spread,true,KG,Food,AMBIENT,,,cereals_gluten|soya,https://matchaunion.com/blogs/recipes/biscoff-matcha-latte,2026-09-28,"Lotus Biscoff spread (wheat flour, soya)"
Bananas (fresh),true,EACH,Food,AMBIENT,,,,https://fancifuleats.com/roasted-banana-hojicha-latte/,2026-09-28,board: fresh banana
Ground cinnamon,true,KG,Food,AMBIENT,,,,https://mafiamatcha.com/blogs/news/banana-bread-hojicha,2026-09-28,
Sweetened condensed milk,true,KG,Dairy,AMBIENT,,,milk,https://www.goodnes.com/la-lechera/recipes/iced-spanish-pumpkin-latte/,2026-09-28,board: condensed milk
Ube powder,true,KG,Specialty,AMBIENT,,,,https://www.kuyastindahan.co.uk/grocery-c56/desserts-c70/general-c72/mikis-purple-yam-powder-ube-powder-100g-p1813,2026-09-28,purple yam powder; switch to ube syrup if that is what the café uses
Kiwi syrup (Monin),true,ML,Syrup,AMBIENT,,,,https://www.vipbottles.co.uk/product/monin-kiwi-syrup-70cl/,2026-09-28,existing Kiwi Bubble Tea recipe uses strawberry syrup as a stand-in
Greek yogurt,true,KG,Dairy,CHILLED,7,3,milk,https://groceries.morrisons.com/products/morrisons-greek-style-yogurt-1kg/112799013,2026-09-28,"shelf life: Morrisons 'typical product life plus delivery day' badge (retailer minimum life on delivery), fetched 2026-09-28: Greek Style Yogurt 1kg LIFE 1w+; pack: 'Best within 3 days of opening'. also: Fage 950g / The Best Greek 6d+ (https://groceries.morrisons.com/products/fage-total-5-fat-strained-yoghurt-950g/112364749); Brakes YAMAS 1kg 'Once opened, consume within 5 days' and elsewhere 3 days (https://www.brake.co.uk/dairy/yoghurt/bulk/chilled/yamas-strained-greek-yoghurt/p/5013944); recipe source: https://foolproofliving.com/strawberry-banana-yogurt-smoothie/"
Vanilla yogurt,true,KG,Dairy,CHILLED,7,3,milk,https://groceries.morrisons.com/products/longley-farm-vanilla-yogurt/103054255,2026-09-28,"café's own Deliveroo: Fresh Granola Pod; shelf life: Morrisons 'typical product life plus delivery day' badge (retailer minimum life on delivery), fetched 2026-09-28: Longley Farm Vanilla Yogurt LIFE 1w+ (also Onken 0% Vanilla, Arla Skyr Vanilla 1w+). Pack gives no open life; open_life 3 borrowed from comparable yogurts: Morrisons Greek Style 'Best within 3 days of opening' (https://groceries.morrisons.com/products/morrisons-greek-style-yogurt-1kg/112799013) and Brakes YAMAS 'consume within 3 days'; recipe source: https://deliveroo.co.uk/menu/fife-and-perthshire/dundee/sashas-corner"
Cottage cheese,true,KG,Dairy,CHILLED,6,3,milk,https://groceries.morrisons.com/products/morrisons-british-natural-full-fat-cottage-cheese-300g/113359482,2026-09-28,"café's own Deliveroo: Healthy Chia Pudding; shelf life: Morrisons 'typical product life plus delivery day' badge (retailer minimum life on delivery), fetched 2026-09-28: Full Fat Cottage Cheese 300g LIFE 6d+; pack: 'Use within 3 days of opening. Do not exceed the date shown.' Longley Farm cottage cheese 1w+ (https://groceries.morrisons.com/products/longley-farm-yorkshire-natural-british-cottage-cheese-250g/103070642); recipe source: https://deliveroo.co.uk/menu/fife-and-perthshire/dundee/sashas-corner"
Golden syrup,true,ML,Syrup,AMBIENT,,,,https://deliveroo.co.uk/menu/fife-and-perthshire/dundee/sashas-corner,2026-09-28,café's own Deliveroo: Healthy Chia Pudding
Blueberries (fresh),true,KG,Food,CHILLED,3,,,https://groceries.morrisons.com/products/morrisons-blueberries-150g-punnet/108472966,2026-09-28,"café's own Deliveroo: Fresh Granola Pod; shelf life: Morrisons 'typical product life plus delivery day' badge (retailer minimum life on delivery), fetched 2026-09-28: Blueberries 150g punnet LIFE 3d+ (450g punnet also 3d+; organic 1d+). Fresh produce, no open life; recipe source: https://deliveroo.co.uk/menu/fife-and-perthshire/dundee/sashas-corner"
Raspberries (fresh),true,KG,Food,CHILLED,2,,,https://groceries.morrisons.com/products/morrisons-british-raspberries-150g-punnet/108472798,2026-09-28,"café's own Deliveroo: Fresh Granola Pod; shelf life: Morrisons 'typical product life plus delivery day' badge (retailer minimum life on delivery), fetched 2026-09-28: British Raspberries 150g LIFE 2d+ and Raspberries 250g 2d+ (https://groceries.morrisons.com/products/morrisons-raspberries-250g/109675731); organic 125g only 1d+. Fresh produce, no open life; recipe source: https://deliveroo.co.uk/menu/fife-and-perthshire/dundee/sashas-corner"
Wild rocket,true,KG,Food,CHILLED,3,2,,https://groceries.morrisons.com/products/morrisons-wild-rocket-60g/112489939,2026-09-28,"café's own Deliveroo: avocado toast, croissants, paninis; shelf life: Morrisons 'typical product life plus delivery day' badge (retailer minimum life on delivery), fetched 2026-09-28: Wild Rocket 60g LIFE 3d+; pack: 'Use within 2 days of opening. Do not exceed the date shown.' Brakes sells Wild Roquette 1kg (450506), no life published; recipe source: https://deliveroo.co.uk/menu/fife-and-perthshire/dundee/sashas-corner"
Seeded brown bread,true,EACH,Food,AMBIENT,,,cereals_gluten,https://deliveroo.co.uk/menu/fife-and-perthshire/dundee/sashas-corner,2026-09-28,café's own Deliveroo: brown toast with seeds; allergens beyond gluten depend on loaf (sesame common)
Granola,true,KG,Food,AMBIENT,,,,https://deliveroo.co.uk/menu/fife-and-perthshire/dundee/sashas-corner,2026-09-28,café's own Deliveroo: granola with nuts — confirm nut type for allergens
Porridge oats,true,KG,Food,AMBIENT,,,cereals_gluten,https://www.bbcgoodfoodme.com/recipes/perfect-porridge/,2026-09-28,oats are a gluten cereal under UK allergen rules
Chia seeds,true,KG,Food,AMBIENT,,,,https://www.eatingbirdfood.com/basic-chia-seed-pudding/,2026-09-28,
Maple syrup,true,ML,Syrup,AMBIENT,,,,https://www.bbcgoodfoodme.com/recipes/chia-pudding/,2026-09-28,
Eggs,true,EACH,Food,CHILLED,7,,eggs,https://groceries.morrisons.com/products/morrisons-large-free-range-eggs-12-pack/105830001,2026-09-28,"shelf life: Morrisons 'typical product life plus delivery day' badge (retailer minimum life on delivery), fetched 2026-09-28: Morrisons free range eggs (6/12 packs) LIFE 1w+. Legal ceiling: best-before 'not more than 28 days after laying' (https://www.legislation.gov.uk/eur/2008/589/article/13), so 7 is the guaranteed minimum on delivery, not the max; real life often 2-3 weeks. Kept in fridge per brief. No open life; recipe source: https://www.americastestkitchen.com/recipes/14130-omelet-with-cheddar-and-chives"
Avocado,true,EACH,Food,AMBIENT,,,,https://www.bbcgoodfoodme.com/recipes/avocado-toast/,2026-09-28,
Salad leaves,true,KG,Food,CHILLED,3,1,,https://groceries.morrisons.com/products/morrisons-mixed-leaf-salad-100g/112846561,2026-09-28,"side salad for breakfast/waffle plates; shelf life: Morrisons 'typical product life plus delivery day' badge (retailer minimum life on delivery), fetched 2026-09-28: Mixed Leaf Salad 100g LIFE 3d+; pack: 'Use within 24 hours of opening'. Other bagged mixes 3-4d+ (Crispy Salad, Italian Style 4d+). Brakes Mixed Salad Leaves 5x500g (450250) publishes no life; recipe source: https://www.loveandlemons.com/caesar-salad/"
Tomatoes (fresh),true,KG,Food,CHILLED,2,,,https://groceries.morrisons.com/products/morrisons-salad-tomatoes-6-pack/108389100,2026-09-28,"shelf life: Morrisons 'typical product life plus delivery day' badge (retailer minimum life on delivery), fetched 2026-09-28: Salad Tomatoes 6 pack LIFE 2d+ (cherry 420g 2d+; baby plum 250g 1d+). Retailer minimum, not keeping life; conservative. No open life; recipe source: https://www.americastestkitchen.com/recipes/14130-omelet-with-cheddar-and-chives"
Peppers (fresh),true,KG,Food,CHILLED,2,,,https://groceries.morrisons.com/products/morrisons-loose-red-pepper/108408403,2026-09-28,"shelf life: Morrisons 'typical product life plus delivery day' badge (retailer minimum life on delivery), fetched 2026-09-28: Loose Red Pepper LIFE 2d+; Sweet Pointed 2d+; another loose red/orange/yellow listing shows 1d+ (https://groceries.morrisons.com/products/morrisons-loose-red-pepper/108407187). Retailer minimum; conservative. No open life; recipe source: https://www.americastestkitchen.com/recipes/14130-omelet-with-cheddar-and-chives"
Cucumber,true,KG,Food,CHILLED,2,,,https://groceries.morrisons.com/products/morrisons-whole-cucumber/108413093,2026-09-28,"shelf life: Morrisons 'typical product life plus delivery day' badge (retailer minimum life on delivery), fetched 2026-09-28: Whole Cucumber LIFE 2d+. Retailer minimum; conservative. No open life; recipe source: https://www.loveandlemons.com/caesar-salad/"
Back bacon rasher,true,EACH,Food,CHILLED,14,2,,https://groceries.morrisons.com/products/morrisons-10-pack-unsmoked-back-bacon-rashers-300g/105030409,2026-09-28,"shelf life: Morrisons 'typical product life plus delivery day' badge (retailer minimum life on delivery), fetched 2026-09-28: 10 Pack Unsmoked Back Bacon 300g LIFE 2w+; pack: 'Once opened consume within 2 days. Freeze on day of purchase and use within 1 month.' Dry-cured Spoiltpig 1w+ (https://groceries.morrisons.com/products/spoiltpig-unsmoked-dry-cured-back-bacon-rashers/103143961); recipe source: https://deliveroo.co.uk/menu/fife-and-perthshire/dundee/the-flame-tree-cafe-dundee"
Pork sausage,true,EACH,Food,CHILLED,5,2,,https://groceries.morrisons.com/products/morrisons-butcher-s-style-8-pork-sausages-454g/104421547,2026-09-28,"allergens depend on product (rusk/sulphites common); shelf life: Morrisons 'typical product life plus delivery day' badge (retailer minimum life on delivery), fetched 2026-09-28: Butcher's Style 8 Pork Sausages 454g LIFE 5d+; pack: 'Use within 2 days of opening. Do not exceed the date shown.' The Best range 1w+, Richmond 3d+; recipe source: https://deliveroo.co.uk/menu/dundee/dundee/empire-state-coffee-dundee"
Romaine lettuce,true,KG,Food,CHILLED,1,,,https://groceries.morrisons.com/products/morrisons-british-romaine-lettuce-hearts-2-pack/108292210,2026-09-28,"shelf life: Morrisons 'typical product life plus delivery day' badge (retailer minimum life on delivery), fetched 2026-09-28: British Romaine Lettuce Hearts 2 pack LIFE 1d+ (Little Gem / Sweet Gem also 1d+; round lettuce 2d+). Very conservative retailer minimum; Brakes Cos Lettuce (10401/450542) publishes no life. Whole head, no open life; recipe source: https://www.loveandlemons.com/caesar-salad/"
Parmesan,true,KG,Food,CHILLED,30,5,milk,https://groceries.morrisons.com/products/morrisons-parmigiano-reggiano/106145591,2026-09-28,"shelf life: Morrisons 'typical product life plus delivery day' badge (retailer minimum life on delivery), fetched 2026-09-28: Parmigiano Reggiano wedge 200g LIFE 1m+; pack: 'Best within 5 days of opening'. Grated/shavings only 2w+ (https://groceries.morrisons.com/products/morrisons-grated-parmigiano-reggiano-100g/106145566); recipe source: https://www.loveandlemons.com/caesar-salad/"
Croutons,true,KG,Food,AMBIENT,,,cereals_gluten,https://www.loveandlemons.com/caesar-salad/,2026-09-28,
Caesar dressing,true,ML,Food,CHILLED,14,14,,https://groceries.morrisons.com/products/morrisons-caesar-dressing-170ml/113683856,2026-09-28,"classic dressing contains egg, fish, milk; confirm product label; shelf life: Morrisons 'typical product life plus delivery day' badge (retailer minimum life on delivery), fetched 2026-09-28: chilled Caesar Dressing 170ml LIFE 2w+; pack: 'Keep refrigerated. Best within 2 weeks of opening.' Ambient alternatives last longer once opened: Morrisons 250ml 'Best within 4 weeks of opening' (https://groceries.morrisons.com/products/morrisons-caesar-dressing-250ml/111669671); Brakes Hellmann's Caesar 1L 'consume within one month' (https://www.brake.co.uk/p/29935); recipe source: https://www.loveandlemons.com/caesar-salad/"
Ciabatta roll,true,EACH,Food,AMBIENT,,,cereals_gluten,https://deliveroo.co.uk/menu/fife-and-perthshire/dundee/little-things-cafe-dundee,2026-09-28,
Soup of the day (batch),true,L,Food,CHILLED,2,,,https://www.gov.uk/government/publications/how-to-chill-freeze-and-defrost-food-safely/how-to-chill-freeze-and-defrost-food-safely,2026-09-28,"composite: soup made in house; cost per litre to be set from a batch; shelf life: Made in-house: FSA guidance 'Eat leftovers within 48 hours or freeze them' / 'eat leftovers within two days'. Conservative general guidance, not a product figure (commercial chilled soups carry 6d+ at Morrisons, e.g. https://groceries.morrisons.com/products/new-covent-garden-vegetable-soup/111365985, but that is sealed factory product). No open life; recipe source: https://bakecalcs.uk/answers/how-much-soup-per-person/"
Belgian waffle mix,true,KG,Food,AMBIENT,,,,https://www.waffleprogram.com/products/belgian-waffle-mix/,2026-09-28,"allergens depend on mix (typically wheat, milk, egg)"
Potato waffle (frozen),true,EACH,Food,FROZEN,90,,,https://www.gov.uk/government/publications/how-to-chill-freeze-and-defrost-food-safely/how-to-chill-freeze-and-defrost-food-safely,2026-09-28,"interpretation of 'cheesy potato waffles' — confirm; shelf life: NO product figure found: Birds Eye pack/Brakes 149767/Morrisons https://groceries.morrisons.com/products/birds-eye-18-potato-waffles-1-02kg/105417929 say only 'Store in a freezer at -18C or cooler' with best-before on pack; birdseye.co.uk 403. Used most conservative sourced general guidance: FSA 'Baked goods, fruit and veg are best between 3-4 months' frozen -> 90. Real Birds Eye best-before is typically much longer; check a pack. No open life (do not refreeze once defrosted); recipe source: https://deliveroo.co.uk/menu/Dundee/dundee/crollas"
Pistachio spread,true,KG,Food,AMBIENT,,,tree_nuts,https://deliveroo.co.uk/menu/edinburgh/southwest-edinburgh/matcha-sando-edinburgh-matcha-coffee-and-sandwich-shop-116-bruntsfield-place,2026-09-28,board: pistachio spread
