ingredient,file,licence,author,source_page_url,fetched_on,alt
Kyiv cake (slice),photos/ingredients/kyiv-cake-slice.jpg,Public domain,Mrnotwo,https://commons.wikimedia.org/wiki/File:Kiev_cake_slice.JPG,2026-09-28,Slice of Kyiv cake with piped cream flowers on a plate
Kyiv cake (whole),photos/ingredients/kyiv-cake-whole.jpg,Public domain,І.Туржанський,https://commons.wikimedia.org/wiki/File:%D0%9A%D0%B8%D1%97%D0%B2%D1%81%D0%BA%D0%B8%D0%B9_%D1%82%D0%BE%D1%80%D1%82.JPG,2026-09-28,Whole Kyiv cake decorated with piped cream flowers
Apple juice carton,photos/ingredients/apple-juice.jpg,CC0,Emanuel Jöbstl und Martin Thoma,https://commons.wikimedia.org/wiki/File:EmiMa-068.jpg,2026-09-28,Glass of clear golden apple juice
Black Cola,photos/ingredients/cola.jpg,Public domain,pic_p_ter,https://commons.wikimedia.org/wiki/File:Glass_cola.jpg,2026-09-28,Glass of cola with ice and a slice of lemon
Coca-Cola,photos/ingredients/cola.jpg,Public domain,pic_p_ter,https://commons.wikimedia.org/wiki/File:Glass_cola.jpg,2026-09-28,Glass of cola with ice and a slice of lemon
Diet Coke,photos/ingredients/cola.jpg,Public domain,pic_p_ter,https://commons.wikimedia.org/wiki/File:Glass_cola.jpg,2026-09-28,Glass of cola with ice and a slice of lemon
Sprite,photos/ingredients/sparkling-water.jpg,CC0,W.carter,https://commons.wikimedia.org/wiki/File:Blue_glass_with_carbonated_water.jpg,2026-09-28,Glass of sparkling water from above
Pom-Bear crisps,photos/ingredients/crisps.jpg,CC0,Samuel Wiki,https://commons.wikimedia.org/wiki/File:Tayto_cheese_and_onion_crisps.jpg,2026-09-28,Bowl of potato crisps
Pringles can,photos/ingredients/crisps.jpg,CC0,Samuel Wiki,https://commons.wikimedia.org/wiki/File:Tayto_cheese_and_onion_crisps.jpg,2026-09-28,Bowl of potato crisps
Still water (bottle),photos/ingredients/water-bottle.jpg,CC0,Jiafei Slay Queen,https://commons.wikimedia.org/wiki/File:Bottle_of_Water.jpg,2026-09-28,Plastic bottle of still water
Orange juice carton,photos/ingredients/orange-juice.jpg,Public domain,Agency of the United States Department of Agriculture; Edited Version by: Arad,https://commons.wikimedia.org/wiki/File:Orange_juice_1_edit1.jpg,2026-09-28,Orange juice being poured into a glass
Tropicana OJ carton,photos/ingredients/orange-juice.jpg,Public domain,Agency of the United States Department of Agriculture; Edited Version by: Arad,https://commons.wikimedia.org/wiki/File:Orange_juice_1_edit1.jpg,2026-09-28,Orange juice being poured into a glass
Chocolate wafer,photos/ingredients/wafer.jpg,CC BY-SA 3.0,Pilettes,https://commons.wikimedia.org/wiki/File:Neapolitaner_Waffel.jpg,2026-09-28,Cream-filled wafer biscuits on a white background
Blue chocolate wafer,photos/ingredients/wafer.jpg,CC BY-SA 3.0,Pilettes,https://commons.wikimedia.org/wiki/File:Neapolitaner_Waffel.jpg,2026-09-28,Cream-filled wafer biscuits on a white background
Banana pecan muffin,photos/ingredients/muffin-banana.jpg,CC BY 4.0,Shisma,https://commons.wikimedia.org/wiki/File:Banana_bread_slices.jpg,2026-09-28,Sliced banana bread loaf on a wooden board
Blueberry muffin,photos/ingredients/muffin-blueberry.jpg,Public domain,"National Cancer Institute, Renee Comet (photographer)",https://commons.wikimedia.org/wiki/File:Muffin_NIH.jpg,2026-09-28,Blueberry muffin
Lemon muffin,photos/ingredients/muffin-lemon.jpg,CC BY-SA 2.0,Katrin Gilger,https://commons.wikimedia.org/wiki/File:Lemon_Poppy_Seed_Muffins_(3937151126).jpg,2026-09-28,Muffin with poppy seeds
Raspberry almond muffin,photos/ingredients/muffin-raspberry.jpg,CC BY-SA 4.0,Famartin,"https://commons.wikimedia.org/wiki/File:2020-02-25_14_31_18_A_Great_Harvest_Bread_Company_Raspberry_Choc-Chip_Muffin_in_the_Dulles_section_of_Sterling,_Loudoun_County,_Virginia.jpg",2026-09-28,Muffin with raspberry filling
Billionaire's shortbread,photos/ingredients/shortbread-2.jpg,CC0,Andy Li,https://commons.wikimedia.org/wiki/File:Millionaire%27s_shortbread_-_Cafe_Coho_2025-07-21.jpg,2026-09-28,Caramel shortbread bar topped with chocolate on a grey plate
Salted caramel bar,photos/ingredients/shortbread-6.jpg,CC BY-SA 4.0,Finbar.concaig,https://commons.wikimedia.org/wiki/File:Aussie_caramel_slice_(cropped).jpg,2026-09-28,Square of caramel shortbread with a thick chocolate layer
Blood orange cake (slice),photos/ingredients/orange-cake.jpg,CC0,Andy Li,https://commons.wikimedia.org/wiki/File:Orange_Cake_-_Olea_2025-08-17.jpg,2026-09-28,Slice of sponge cake on a patterned plate
Brownie bar,photos/ingredients/brownie.jpg,CC BY-SA 3.0,Gdr (modified by Lyzzy),https://commons.wikimedia.org/wiki/File:Chocolate_brownies_without_table.jpg,2026-09-28,Chocolate brownie squares
Cinnamon classic bun,photos/ingredients/cinnamon-bun.jpg,CC0,Andy Li,https://commons.wikimedia.org/wiki/File:Cinnamon_bun_-_Milfey_Patisserie_2026-08-31.jpg,2026-09-28,Cinnamon swirl bun on a grey plate
Lemon & pistachio cake,photos/ingredients/lemon-cake-0.jpg,CC BY-SA 4.0,Whoisjohngalt,https://commons.wikimedia.org/wiki/File:Slice_of_Lemon_Cake.jpg,2026-09-28,Slice of yellow sponge cake on a white plate
Lemon drizzle bar,photos/ingredients/lemon-cake-5.jpg,CC0,Andy Li,https://commons.wikimedia.org/wiki/File:Lemon_Drizzle_Slice_-_Caf%C3%A9_W_2025-12-26.jpg,2026-09-28,Slice of lemon cake on a white plate
Mini cookie,photos/ingredients/cookie.jpg,Public domain,Evan-Amos,https://commons.wikimedia.org/wiki/File:Choc-Chip-Cookie.jpg,2026-09-28,Chocolate chip cookie on a white background
Morello cake (slice),photos/ingredients/cherry-cake.jpg,CC BY-SA 4.0,RGloucester,https://commons.wikimedia.org/wiki/File:British_cherry_cake.JPG,2026-09-28,Slice of cherry cake
Tiramisu cake (slice),photos/ingredients/tiramisu.jpg,CC0,Syced,https://commons.wikimedia.org/wiki/File:Tiramisu_at_Italian_restaurant_in_Japan.jpg,2026-09-28,Layered cream dessert topped with chocolate curls
Raspberry brownie cheesecake,photos/ingredients/cheesecake-rasp.jpg,CC BY 2.0,zingyyellow,https://commons.wikimedia.org/wiki/File:Baked_cheesecake_with_raspberries_and_blueberries.jpg,2026-09-28,Slice of baked cheesecake with raspberries and blueberries
Raspberry matcha cheesecake,photos/ingredients/cheesecake-matcha.jpg,CC0,Andy Li,https://commons.wikimedia.org/wiki/File:Matcha_cheese_cake_-_Coffee_at_33_2024-02-23.jpg,2026-09-28,Slice of matcha cheesecake with a fork
Salted caramel brownie,photos/ingredients/caramel-brownie.jpg,CC BY 2.0,"Stephanie Clifford from Arlington, VA, USA",https://commons.wikimedia.org/wiki/File:Salted_Caramel_Brownies_(25618670394).jpg,2026-09-28,Brownie squares topped with chopped nuts
Sticky toffee Biscoff,photos/ingredients/sticky-toffee.jpg,CC BY 2.0,Chalk and Cheese,https://commons.wikimedia.org/wiki/File:StickyToffeePudding_(cropped).jpg,2026-09-28,Warm sponge pudding with toffee sauce and cream
Chocolate powder,photos/ingredients/cocoa.jpg,CC0,thecakeschool,https://commons.wikimedia.org/wiki/File:Cocoa-powder-1883108.jpg,2026-09-28,Cocoa powder in a glass bowl
Coffee beans (house blend),photos/ingredients/beans-0.jpg,Public domain,MarkSweep,https://commons.wikimedia.org/wiki/File:Roasted_coffee_beans.jpg,2026-09-28,Close-up of roasted coffee beans
Coffee beans (decaf),photos/ingredients/beans-1.jpg,CC BY 4.0,Alorin,https://commons.wikimedia.org/wiki/File:Roasted_coffee_beans_in_white_bowl.png,2026-09-28,Roasted coffee beans in a white bowl
Decaf coffee pod,photos/ingredients/coffee-capsule.jpg,CC BY-SA 4.0,Reddalo,https://commons.wikimedia.org/wiki/File:Nespresso_paper_pods_(2024).jpg,2026-09-28,Three paper coffee pods on a wooden table
Whipping cream,photos/ingredients/cream.jpg,CC BY 2.0,Jo,https://commons.wikimedia.org/wiki/File:Frozen_Whipped_Cream_Sandwiches.jpg,2026-09-28,Whipped cream in a mixing bowl
Almond milk (barista),photos/ingredients/almond-milk.jpg,CC BY-SA 4.0,Kjokkenutstyr,https://commons.wikimedia.org/wiki/File:002-almondmilk.jpg,2026-09-28,Two jars of almond milk with almonds
Coconut milk (barista),photos/ingredients/coconut-milk.jpg,CC BY-SA 3.0,S Sepp,https://commons.wikimedia.org/wiki/File:Cononut_milk.JPG,2026-09-28,Bowl of coconut milk
Oat milk (barista),photos/ingredients/oat-milk.jpg,CC0,Mx. Granger,https://commons.wikimedia.org/wiki/File:Oatmilk_1.jpg,2026-09-28,Glass of oat milk beside rolled oats on a white background
Bread (toastie),photos/ingredients/bread-slices.jpg,CC BY 2.0,"Evan Swigart from Chicago, USA",https://commons.wikimedia.org/wiki/File:Homemade_White_Bread_with_Strawberry_Jam.jpg,2026-09-28,Loaf of white bread with slices cut on a board
Butter,photos/ingredients/butter.jpg,Public domain,Meanos,https://commons.wikimedia.org/wiki/File:Butter_block.JPG,2026-09-28,Block of butter in its wrapper with a knife
Ham & cheese toastie (premade),photos/ingredients/panini-4.jpg,CC BY-SA 4.0,Jari Asselman,https://commons.wikimedia.org/wiki/File:Panini_broodje_2.jpg,2026-09-28,Toasted panini with grill marks on a white plate
Margarita panini (premade),photos/ingredients/panini-9.jpg,CC BY-SA 2.0,cyclonebill,"https://commons.wikimedia.org/wiki/File:Flickr_-_cyclonebill_-_Panini_med_gedeost,_mozzarella_og_gorgonzola.jpg",2026-09-28,Toasted panini with melted cheese
Cajun chicken panini (premade),photos/ingredients/panini-4.jpg,CC BY-SA 4.0,Jari Asselman,https://commons.wikimedia.org/wiki/File:Panini_broodje_2.jpg,2026-09-28,Toasted panini with grill marks on a white plate
Cheese (toastie),photos/ingredients/cheese.jpg,CC BY-SA 4.0,CNEcija12345,https://commons.wikimedia.org/wiki/File:White_cheddar_cheese_sliced_CNE.jpg,2026-09-28,Slices of yellow cheese on a grey plate
Cream cheese,photos/ingredients/cream-cheese.jpg,CC0,Mx. Granger,https://commons.wikimedia.org/wiki/File:Modern_Kitchen_strawberry_cream_cheese_2.jpg,2026-09-28,Tub of cream cheese with a knife
Ham (sliced),photos/ingredients/ham.jpg,CC BY 4.0,Anna.Massini,https://commons.wikimedia.org/wiki/File:Sliced_cooked_ham.jpg,2026-09-28,Slices of cooked ham in packaging
Jam sachet,photos/ingredients/jam.jpg,CC BY-SA 2.0,"Chris Bohn from Gainesville, FL, USA",https://commons.wikimedia.org/wiki/File:Jam_created_from_gelling_sugar.jpg,2026-09-28,Jars of red jam
Pancake mix,photos/ingredients/pancakes.jpg,CC BY-SA 4.0,Shisma,https://commons.wikimedia.org/wiki/File:Stack_of_buckwheat_pancakes.jpg,2026-09-28,Stack of buckwheat pancakes
Panini bread,photos/ingredients/ciabatta-3.jpg,CC BY 2.0,Key West Wedding Photography,https://commons.wikimedia.org/wiki/File:Ciabatta_Bread.jpg,2026-09-28,Ciabatta loaves on a cooling rack
Plain croissant,photos/ingredients/croissant.jpg,CC BY-SA 3.0,SKopp,"https://commons.wikimedia.org/wiki/File:Croissant,_whole.jpg",2026-09-28,Croissant on a white background
Strawberries (fresh),photos/ingredients/strawberries-0.jpg,CC BY-SA 4.0,Ivar Leidus,https://commons.wikimedia.org/wiki/File:Garden_strawberry_(Fragaria_%C3%97_ananassa)_single2.jpg,2026-09-28,Single strawberry on a grey background
Tinned tuna,photos/ingredients/tuna.jpg,CC BY 3.0,Tamorlan,https://commons.wikimedia.org/wiki/File:Lata_de_at%C3%BAn-Albo.jpg,2026-09-28,Open tin of tuna
Takeaway bag,photos/ingredients/paper-bag.jpg,CC BY-SA 2.0,Jeffrey Beall,https://commons.wikimedia.org/wiki/File:Brown_Bag_(with_staple).jpg,2026-09-28,Brown paper bag folded and stapled
Coconut water,photos/ingredients/coconut-1.jpg,Public domain,Robert Wetzlmayr,https://commons.wikimedia.org/wiki/File:Kokosnuss-Coconut.jpg,2026-09-28,Halved coconut on a white background
Matcha powder,photos/ingredients/matcha-powder.jpg,CC BY-SA 4.0,Evanhoever,https://commons.wikimedia.org/wiki/File:Matcha_Scoop.jpg,2026-09-28,Spoon of green matcha powder on a white background
Tapioca pearls,photos/ingredients/tapioca.jpg,CC BY-SA 2.0,Lars Plougmann from United States,"https://commons.wikimedia.org/wiki/File:Tapioca,_aka_boba.jpg",2026-09-28,Black tapioca pearls
Vanilla ice cream,photos/ingredients/ice-cream.jpg,CC BY-SA 2.0,"a.pasquier from bellingham, washington",https://commons.wikimedia.org/wiki/File:Vanilla_bean_ice_cream_(3086700978).jpg,2026-09-28,Scoop of vanilla ice cream on a wooden board with mint
Bubble tea straw (wide),photos/ingredients/straw.jpg,Public domain,WrS.tm.pl,https://commons.wikimedia.org/wiki/File:A_paper_straw_for_bubble_tea_and_the_popular_straw.jpg,2026-09-28,Wide paper straws for bubble tea
Marshmallow,photos/ingredients/marshmallow.jpg,CC BY 2.0,John Morgan,https://commons.wikimedia.org/wiki/File:White_Marshmallows.jpg,2026-09-28,White marshmallows
Napkin,photos/ingredients/napkin.jpg,CC0,Alanthebox,https://commons.wikimedia.org/wiki/File:Napkins_-_isolated.png,2026-09-28,Stack of white paper napkins
Sugar sachet,photos/ingredients/sugar-sachet.jpg,CC BY-SA 4.0,Ka23 13,https://commons.wikimedia.org/wiki/File:Sugar_packets_20230506_163925.jpg,2026-09-28,Paper sugar sachets in a white pot
Apple syrup (Monin),photos/ingredients/apple.jpg,CC BY 2.0,"Abhijit Tembhekar from Mumbai, India",https://commons.wikimedia.org/wiki/File:Red_Apple.jpg,2026-09-28,Red apple on a white background
Banana syrup (Monin),photos/ingredients/banana.jpg,CC BY-SA 4.0,Filo gèn',https://commons.wikimedia.org/wiki/File:Banana_on_whitebackground.jpg,2026-09-28,Half-peeled banana on a white background
Caramel syrup (Monin),photos/ingredients/caramel-2.jpg,CC BY-SA 3.0,Rainer Zenz,https://commons.wikimedia.org/wiki/File:Caramel-2.jpg,2026-09-28,Pool of caramel on a white plate
Salted caramel syrup (Monin),photos/ingredients/caramel-1.jpg,CC BY 2.0,Rebecca Siegel,https://commons.wikimedia.org/wiki/File:Caramel_Sauce_-_Caramel_Syrup.jpg,2026-09-28,Jar of caramel sauce on a wooden board
Toffee syrup (Monin),photos/ingredients/caramel-0.jpg,CC BY-SA 3.0,Where next Columbus? (English Wikipedia user),https://commons.wikimedia.org/wiki/File:Caramel-3.jpg,2026-09-28,Pieces of hard caramel on a white plate
Citrus / lime syrup (Monin),photos/ingredients/lime.jpg,CC0,Evan-Amos,https://commons.wikimedia.org/wiki/File:Lime-Whole-Split.jpg,2026-09-28,Whole and halved lime on a white background
Honey,photos/ingredients/honey.jpg,CC BY-SA 3.0,Fæ,https://commons.wikimedia.org/wiki/File:Honey_spoon.jpg,2026-09-28,Spoon in a jar of honey
Lavender syrup (Monin),photos/ingredients/lavender.jpg,CC BY-SA 3.0,Norbert Nagel,https://commons.wikimedia.org/wiki/File:Lavandula_angustifolia_-_lavender_-_Lavendel_-_01.jpg,2026-09-28,Sprig of lavender flowers
Lemon syrup (Monin),photos/ingredients/lemon.jpg,CC BY-SA 2.5,André Karwath aka Aka,https://commons.wikimedia.org/wiki/File:Lemon.jpg,2026-09-28,Whole and halved lemons on a white background
Mango syrup/puree (Monin),photos/ingredients/mango.jpg,CC BY-SA 4.0,Ivar Leidus,https://commons.wikimedia.org/wiki/File:Mangos_-_single_and_halved.jpg,2026-09-28,Whole and halved mango
Mint syrup (Monin),photos/ingredients/mint.jpg,CC0,Aviavlad,https://commons.wikimedia.org/wiki/File:Mint_leaves_raster.jpg,2026-09-28,Fresh mint leaves on a white background
Orange syrup (Monin),photos/ingredients/orange.jpg,CC BY-SA 4.0,Ivar Leidus,https://commons.wikimedia.org/wiki/File:Oranges_-_whole-halved-segment.jpg,2026-09-28,Whole and halved orange with a segment
Peach syrup (Monin),photos/ingredients/peach.jpg,Public domain,"Jack Dykinga, USDA",https://commons.wikimedia.org/wiki/File:Autumn_Red_peaches.jpg,2026-09-28,Halved red peach
Pistachio syrup (Monin),photos/ingredients/pistachio.jpg,CC BY-SA 3.0,Kobi Schutz,https://commons.wikimedia.org/wiki/File:Pistachio.jpg,2026-09-28,Shelled and unshelled pistachios
Raspberry syrup (Monin),photos/ingredients/raspberry-8.jpg,CC BY-SA 4.0,Ivar Leidus,https://commons.wikimedia.org/wiki/File:Raspberries_(Rubus_idaeus).jpg,2026-09-28,Pile of fresh raspberries
Rose syrup (Monin),photos/ingredients/rose.jpg,CC BY-SA 3.0,Maor X,https://commons.wikimedia.org/wiki/File:Rose_petals_and_buds.jpg,2026-09-28,Dried rose petals and buds on a white plate
Toffee nut syrup (Monin),photos/ingredients/hazelnut.jpg,CC BY-SA 4.0,Ivar Leidus,https://commons.wikimedia.org/wiki/File:Hazelnuts_(Corylus_avellana)_-_whole_with_kernels.jpg,2026-09-28,Whole and cracked hazelnuts
Vanilla syrup (Monin),photos/ingredients/vanilla.jpg,CC BY-SA 3.0,Vanilla_6beans.JPG: B.navez; derivative work: Andrzej 22 (talk),https://commons.wikimedia.org/wiki/File:Vanilla_6beans_(rot._90_deg.).JPG,2026-09-28,Dried vanilla pods on a white background
Butterfly syrup (Monin),photos/ingredients/butterfly-pea-0.jpg,CC0,Mx. Granger,https://commons.wikimedia.org/wiki/File:Butterfly-pea_flower_tea_2.jpg,2026-09-28,Cup of blue butterfly pea flower tea with a flower on the saucer
Butterfly pea flowers,photos/ingredients/butterfly-pea-9.jpg,CC BY-SA 3.0,Adityamadhav83,https://commons.wikimedia.org/wiki/File:Clitoria_ternatea_butterfly_pea_flower_at_Bhadrachalam_02.JPG,2026-09-28,Blue butterfly pea flower
Loose-leaf tea (black),photos/ingredients/black-tea.jpg,CC BY-SA 4.0,Oraola,https://commons.wikimedia.org/wiki/File:Ceylon-lumbini.jpg,2026-09-28,Loose-leaf black tea
Tea bag (standard),photos/ingredients/tea-bag.jpg,CC0,Jan Mesaros (Pixabay: humusak),https://commons.wikimedia.org/wiki/File:Teabag_with_green_tag.jpg,2026-09-28,Tea bag with a green tag on a white background
Chai concentrate,photos/ingredients/cinnamon-0.jpg,CC BY-SA 4.0,Friedrich Haag,https://commons.wikimedia.org/wiki/File:Gewuerze_004_2024_08_10.jpg,2026-09-28,"Cinnamon sticks, star anise and cloves on a white background"
Cinnamon bun syrup (Monin),photos/ingredients/cinnamon-1.jpg,CC BY-SA 3.0,Luc Viatour,https://commons.wikimedia.org/wiki/File:Canelle_Cinnamomum_burmanni_Luc_Viatour.jpg,2026-09-28,Cinnamon sticks and ground cinnamon on a white background
Strawberry syrup (Monin),photos/ingredients/strawberries-1.jpg,CC BY-SA 4.0,Ivar Leidus,https://commons.wikimedia.org/wiki/File:Garden_strawberry_(Fragaria_%C3%97_ananassa)_halved.jpg,2026-09-28,Halved strawberry on a grey background
Coconut syrup (Monin),photos/ingredients/coconut-0.jpg,CC BY 3.0,Clockery,https://commons.wikimedia.org/wiki/File:Coconut_halves.JPG,2026-09-28,Two coconut halves
Fanta,photos/ingredients/orange-soda.jpg,CC BY-SA 4.0,Billjones94,"https://commons.wikimedia.org/wiki/File:Photograph_of_orange_soft_drink_served_within_a_glass_in_India,_taken_by_Yogabrata_Chakraborty,_on_August_18,_2023.jpg",2026-09-28,Orange soft drink seen from above
Irn-Bru,photos/ingredients/orange-soda.jpg,CC BY-SA 4.0,Billjones94,"https://commons.wikimedia.org/wiki/File:Photograph_of_orange_soft_drink_served_within_a_glass_in_India,_taken_by_Yogabrata_Chakraborty,_on_August_18,_2023.jpg",2026-09-28,Orange soft drink seen from above
Sugar-free Irn-Bru,photos/ingredients/orange-soda.jpg,CC BY-SA 4.0,Billjones94,"https://commons.wikimedia.org/wiki/File:Photograph_of_orange_soft_drink_served_within_a_glass_in_India,_taken_by_Yogabrata_Chakraborty,_on_August_18,_2023.jpg",2026-09-28,Orange soft drink seen from above
Sparkling water,photos/ingredients/sparkling-water.jpg,CC0,W.carter,https://commons.wikimedia.org/wiki/File:Blue_glass_with_carbonated_water.jpg,2026-09-28,Glass of sparkling water from above
Dark chocolate sauce,photos/ingredients/chocolate-sauce.jpg,CC BY-SA 2.0,Aine,https://commons.wikimedia.org/wiki/File:Cannolo_with_chocolate_sauce.jpg,2026-09-28,Cannoli on a plate decorated with chocolate sauce drizzle
White chocolate sauce,photos/ingredients/white-chocolate.jpg,CC BY 2.0,Elizabeth Moorehead,https://commons.wikimedia.org/wiki/File:White_chocolate_chips.png,2026-09-28,White chocolate chips
Whole milk,photos/ingredients/milk-bottle.jpg,CC0,www.Pixel.la Free Stock Photos,https://commons.wikimedia.org/wiki/File:Milk_bottle_and_two_doughnuts.jpg,2026-09-28,Glass bottle of milk with a straw beside doughnuts
Semi-skimmed milk,photos/ingredients/milk-pour.jpg,CC BY 2.0,Shixart1985,https://commons.wikimedia.org/wiki/File:A_person_is_pouring_white_milk_into_a_glass_cup.jpg,2026-09-28,Milk being poured into a glass of coffee
Soy milk (barista),photos/ingredients/soy-milk.jpg,CC BY-SA 2.0,Kjokkenutstyr,https://commons.wikimedia.org/wiki/File:004-soymilk.jpg,2026-09-28,Bottle and glass of soy milk with soybeans
Salami (sliced),photos/ingredients/salami.jpg,CC BY-SA 4.0,Mattia Luigi Nappi,https://commons.wikimedia.org/wiki/File:Sliced_sopressata.jpg,2026-09-28,Slices of cured sausage
Smoked salmon,photos/ingredients/smoked-salmon.jpg,CC BY-SA 4.0,Touzrimounir,https://commons.wikimedia.org/wiki/File:Smoked_salmon_1.jpg,2026-09-28,Thin slices of smoked salmon on a white plate
8oz paper cup,photos/ingredients/paper-cup.jpg,CC BY-SA 4.0,Supuhstar,https://commons.wikimedia.org/wiki/File:Hot_Stopper_in_the_lid_of_a_paper_coffee_cup_with_a_cardboard_sleeve.jpeg,2026-09-28,White takeaway paper cup with lid and sleeve
12oz paper cup,photos/ingredients/paper-cup.jpg,CC BY-SA 4.0,Supuhstar,https://commons.wikimedia.org/wiki/File:Hot_Stopper_in_the_lid_of_a_paper_coffee_cup_with_a_cardboard_sleeve.jpeg,2026-09-28,White takeaway paper cup with lid and sleeve
16oz paper cup,photos/ingredients/paper-cup.jpg,CC BY-SA 4.0,Supuhstar,https://commons.wikimedia.org/wiki/File:Hot_Stopper_in_the_lid_of_a_paper_coffee_cup_with_a_cardboard_sleeve.jpeg,2026-09-28,White takeaway paper cup with lid and sleeve
4oz / small cup,photos/ingredients/paper-cup.jpg,CC BY-SA 4.0,Supuhstar,https://commons.wikimedia.org/wiki/File:Hot_Stopper_in_the_lid_of_a_paper_coffee_cup_with_a_cardboard_sleeve.jpeg,2026-09-28,White takeaway paper cup with lid and sleeve
8oz cup lid,photos/ingredients/paper-cup.jpg,CC BY-SA 4.0,Supuhstar,https://commons.wikimedia.org/wiki/File:Hot_Stopper_in_the_lid_of_a_paper_coffee_cup_with_a_cardboard_sleeve.jpeg,2026-09-28,White takeaway paper cup with lid and sleeve
12oz cup lid,photos/ingredients/paper-cup.jpg,CC BY-SA 4.0,Supuhstar,https://commons.wikimedia.org/wiki/File:Hot_Stopper_in_the_lid_of_a_paper_coffee_cup_with_a_cardboard_sleeve.jpeg,2026-09-28,White takeaway paper cup with lid and sleeve
16oz cup lid,photos/ingredients/paper-cup.jpg,CC BY-SA 4.0,Supuhstar,https://commons.wikimedia.org/wiki/File:Hot_Stopper_in_the_lid_of_a_paper_coffee_cup_with_a_cardboard_sleeve.jpeg,2026-09-28,White takeaway paper cup with lid and sleeve
Wooden stirrer,photos/ingredients/stirrers.jpg,CC BY-SA 2.0,"James Petts from London, England",https://commons.wikimedia.org/wiki/File:Coffee_stirrers_(37609819120).jpg,2026-09-28,Wooden coffee stirrers in a box
Tonic water,photos/ingredients/sparkling-water.jpg,CC0,W.carter,https://commons.wikimedia.org/wiki/File:Blue_glass_with_carbonated_water.jpg,2026-09-28,Glass of sparkling water from above
Pumpkin spice syrup (Monin),photos/ingredients/pumpkins.jpg,Public domain,George Chernilevsky,https://commons.wikimedia.org/wiki/File:Cucurbita_2011_G1.jpg,2026-09-28,Pumpkins and squashes of different colours
Bread roll,photos/ingredients/bread-roll.jpg,CC0,Kerstin Riemer,https://commons.wikimedia.org/wiki/File:Bread-rolls.jpg,2026-09-28,Crusty white bread rolls
Hojicha powder,photos/ingredients/hojicha-powder.jpg,CC BY-SA 4.0,Francois Mathieu,https://commons.wikimedia.org/wiki/File:Hojicha_Dark_Roast.jpg,2026-09-28,Roasted hojicha tea stems on a white background
Biscoff spread,photos/ingredients/speculoos.jpg,CC0,Oreo Priest,https://commons.wikimedia.org/wiki/File:Speculoos.jpg,2026-09-28,Speculoos biscuits on a white plate
Ube powder,photos/ingredients/ube-powder.jpg,CC BY-SA 4.0,Pradeep717,https://commons.wikimedia.org/wiki/File:Purple_Yam_Mumbai.jpg,2026-09-28,Pieces of cooked purple yam
Kiwi syrup (Monin),photos/ingredients/kiwi.jpg,CC BY-SA 2.5,Luc Viatour,https://commons.wikimedia.org/wiki/File:Kiwi_(Actinidia_chinensis)_1_Luc_Viatour.jpg,2026-09-28,Whole and halved kiwi fruit on a white background
Greek yogurt,photos/ingredients/vanilla-yogurt-0.jpg,CC BY-SA 3.0,Rainer Zenz,https://commons.wikimedia.org/wiki/File:Joghurt.jpg,2026-09-28,Thick natural yogurt on a plate
Vanilla yogurt,photos/ingredients/vanilla-yogurt-8.jpg,CC BY-SA 4.0,Urci dream,https://commons.wikimedia.org/wiki/File:Yogurt_vainilla_soja.jpg,2026-09-28,Pot of vanilla yogurt with a spoon
Cottage cheese,photos/ingredients/cottage.jpg,CC0,Alexschneider250,https://commons.wikimedia.org/wiki/File:CottageCheeseGermany.jpg,2026-09-28,Bowl of cottage cheese
Bananas (fresh),photos/ingredients/banana.jpg,CC BY-SA 4.0,Filo gèn',https://commons.wikimedia.org/wiki/File:Banana_on_whitebackground.jpg,2026-09-28,Half-peeled banana on a white background
Raspberries (fresh),photos/ingredients/raspberry-1.jpg,CC BY-SA 4.0,Ivar Leidus,https://commons.wikimedia.org/wiki/File:Raspberry_-_whole_(Rubus_idaeus).jpg,2026-09-28,Single raspberry close-up
Ground cinnamon,photos/ingredients/cinnamon-4.jpg,CC BY 2.0,formulatehealth,https://commons.wikimedia.org/wiki/File:Ground_Cinnamon_Powder_and_a_Cinnamon_Stick.jpg,2026-09-28,Ground cinnamon in a wooden spoon beside cinnamon sticks
Ciabatta roll,photos/ingredients/ciabatta-5.jpg,CC BY 2.0,"Arnold Gatilao from Oakland, CA, USA",https://commons.wikimedia.org/wiki/File:Ciabatta_(4202043675).jpg,2026-09-28,Crusty bread roll on a plate
Golden syrup,photos/ingredients/golden-syrup.jpg,CC BY-SA 3.0,Londonsista,https://commons.wikimedia.org/wiki/File:Golden_Syrup.JPG,2026-09-28,Golden syrup in a glass seen from above
Brown sugar syrup,photos/ingredients/golden-syrup.jpg,CC BY-SA 3.0,Londonsista,https://commons.wikimedia.org/wiki/File:Golden_Syrup.JPG,2026-09-28,Golden syrup in a glass seen from above
Blueberries (fresh),photos/ingredients/blueberries.jpg,CC BY-SA 4.0,Petar Milošević,https://commons.wikimedia.org/wiki/File:Dish_of_blueberries.jpg,2026-09-28,Dish of fresh blueberries
Seeded brown bread,photos/ingredients/seeded-bread.jpg,CC BY 2.0,Jim Lukach,https://commons.wikimedia.org/wiki/File:Seeded_bread_(14018953083).jpg,2026-09-28,"Seeded loaf, partly sliced"
Granola,photos/ingredients/granola.jpg,CC BY 2.5,David Corby (Miskatonic),https://commons.wikimedia.org/wiki/File:Granola03242006.JPG,2026-09-28,Bowl of granola
Porridge oats,photos/ingredients/oats.jpg,CC BY-SA 4.0,Yonygg,https://commons.wikimedia.org/wiki/File:Rolled_oats_2.jpg,2026-09-28,Close-up of rolled oats
Chia seeds,photos/ingredients/chia.jpg,CC0,Fumikas Sagisavas,https://commons.wikimedia.org/wiki/File:Mexican_chia_seeds_(1).jpg,2026-09-28,Chia seeds
Maple syrup,photos/ingredients/maple.jpg,CC BY-SA 3.0,Dvortygirl,https://commons.wikimedia.org/wiki/File:Syrup_grades_large.JPG,2026-09-28,Four bottles of maple syrup in different grades
Eggs,photos/ingredients/eggs.jpg,CC BY-SA 4.0,Krzysztof Golik,https://commons.wikimedia.org/wiki/File:Egg_cartons_with_chicken_eggs_03.jpg,2026-09-28,"Six eggs in a green carton, one cracked open"
Avocado,photos/ingredients/avocado.jpg,CC BY-SA 4.0,Ivar Leidus,https://commons.wikimedia.org/wiki/File:Avocado_Hass_-_single_and_halved.jpg,2026-09-28,Whole and halved avocado on a white background
Tomatoes (fresh),photos/ingredients/tomatoes.jpg,CC BY-SA 3.0,Softeis,https://commons.wikimedia.org/wiki/File:Tomato_je.jpg,2026-09-28,Vine tomatoes on a white background
Peppers (fresh),photos/ingredients/peppers.jpg,CC0,Jiafei Slay Queen,"https://commons.wikimedia.org/wiki/File:Red,_Yellow,_and_Green_bell_peppers.jpg",2026-09-28,"Red, yellow and green bell peppers"
Cucumber,photos/ingredients/cucumber.jpg,CC BY-SA 3.0,Nikodem Nijaki,https://commons.wikimedia.org/wiki/File:Greek_yoghurt_cucumbers_garlic.jpg,2026-09-28,"Two cucumbers with mint, garlic and yogurt"
Back bacon rasher,photos/ingredients/bacon.jpg,CC0,PookieFugglestein,"https://commons.wikimedia.org/wiki/File:Sides_of_raw_bacon,_England.JPG",2026-09-28,Rashers of raw back bacon on a butcher's counter
Pork sausage,photos/ingredients/sausage.jpg,CC0,Daderot,"https://commons.wikimedia.org/wiki/File:Pork_sausages_from_Jasper_Hill,_Vermont_-_Massachusetts.jpg",2026-09-28,Pork sausages on a white plate
Romaine lettuce,photos/ingredients/romaine.jpg,CC BY-SA 3.0,Rainer Zenz,https://commons.wikimedia.org/wiki/File:Romaine_lettuce.jpg,2026-09-28,Head of romaine lettuce on a white background
Parmesan,photos/ingredients/parmesan.jpg,CC0,Monika Grabkowska,https://commons.wikimedia.org/wiki/File:Close_up_of_parmesan_cheese.jpg,2026-09-28,Pieces of parmesan cheese with a cheese knife
Croutons,photos/ingredients/croutons.jpg,CC BY 3.0,Bi-frie (talk),https://commons.wikimedia.org/wiki/File:13-09-01-kochtreffen-wien-Bi-frie-004.jpg,2026-09-28,Glass bowl of croutons
Soup of the day (batch),photos/ingredients/soup.jpg,CC BY-SA 4.0,Whoisjohngalt,https://commons.wikimedia.org/wiki/File:Bowl_of_lentil_soup_with_green_and_red_lentils.jpg,2026-09-28,Bowl of lentil soup with a spoon
Belgian waffle mix,photos/ingredients/waffle-mix.jpg,CC BY-SA 2.0,Doug,https://commons.wikimedia.org/wiki/File:Waffle_iron_and_Batter_Bowl.jpg,2026-09-28,Waffle iron beside a bowl of waffle batter
Potato waffle (frozen),photos/ingredients/potato-waffle.jpg,CC0,Golem08,https://commons.wikimedia.org/wiki/File:Potato_waffle_alone.jpg,2026-09-28,Single potato waffle on a plate
Pistachio spread,photos/ingredients/pistachio.jpg,CC BY-SA 3.0,Kobi Schutz,https://commons.wikimedia.org/wiki/File:Pistachio.jpg,2026-09-28,Shelled and unshelled pistachios
Salad leaves,photos/ingredients/salad-leaves.jpg,CC0,Cupofjoy,https://commons.wikimedia.org/wiki/File:Salad_in_a_bowl.jpg,2026-09-28,Bowl of mixed salad leaves
