menu_item,file,licence,author,source_page_url,fetched_on,alt
Apple Juice,photos/menu/apple-juice.jpg,third-party packshot (Deliveroo listing) - check before web use,unknown (brand or supplier image),https://deliveroo.co.uk/menu/fife-and-perthshire/dundee/sashas-corner,2026-09-28,Carton of Cawston Press cloudy apple juice with Very Hungry Caterpillar artwork on a black background
Banana Milkshake,photos/menu/banana-vanilla-milkshake.jpg,own (Deliveroo listing),Sasha's Corner,https://deliveroo.co.uk/menu/fife-and-perthshire/dundee/sashas-corner,2026-09-28,"Pale milkshake in a Sasha's Corner takeaway cup topped with whipped cream, on a beige backdrop"
Berry Tea,photos/menu/berry-tea.jpg,own (Deliveroo listing),Sasha's Corner,https://deliveroo.co.uk/menu/fife-and-perthshire/dundee/sashas-corner,2026-09-28,Red berry tea with the tea bag in a double-walled glass mug on a white wooden table
Billionaire's shortbread,photos/menu/billionaires-shortbread.jpg,third-party packshot (Deliveroo listing) - check before web use,unknown (brand or supplier image),https://deliveroo.co.uk/menu/fife-and-perthshire/dundee/sashas-corner,2026-09-28,"Slice of billionaire's shortbread lifted from a tray with a knife, showing biscuit, caramel and chocolate layers"
Black Americano,photos/menu/black-americano.jpg,own (Deliveroo listing),Sasha's Corner,https://deliveroo.co.uk/menu/fife-and-perthshire/dundee/sashas-corner,2026-09-28,Black americano with crema in a double-walled glass mug on a white wooden table
Blue Honey Matcha,photos/menu/hot-blue-honey-matcha.jpg,own (Deliveroo listing),Sasha's Corner,https://deliveroo.co.uk/menu/fife-and-perthshire/dundee/sashas-corner,2026-09-28,"Layered blue matcha latte in a double-walled glass: blue top, white milk, honey at the bottom, on a pink backdrop"
Blue Lavender Matcha,photos/menu/hot-blue-lavender-matcha.jpg,own (Deliveroo listing),Sasha's Corner,https://deliveroo.co.uk/menu/fife-and-perthshire/dundee/sashas-corner,2026-09-28,"Layered blue matcha latte in a double-walled glass, blue over white milk, on a pink backdrop"
Blue Vanilla Matcha,photos/menu/hot-blue-vanilla-matcha.jpg,own (Deliveroo listing),Sasha's Corner,https://deliveroo.co.uk/menu/fife-and-perthshire/dundee/sashas-corner,2026-09-28,"Layered blue matcha latte in a double-walled glass, blue over white milk, on a pink backdrop"
Brownie Bar,photos/menu/the-handmade-cake-company-gluten-free-chocolate-brownie-60g.jpg,third-party packshot (Deliveroo listing) - check before web use,unknown (brand or supplier image),https://deliveroo.co.uk/menu/fife-and-perthshire/dundee/sashas-corner,2026-09-28,Unwrapped gluten-free chocolate brownie bar beside its purple wrapper on a white wooden surface
Cappuccino,photos/menu/cappuccino.jpg,own (Deliveroo listing),Sasha's Corner,https://deliveroo.co.uk/menu/fife-and-perthshire/dundee/sashas-corner,2026-09-28,Cappuccino with thick foam dusted with cocoa in a double-walled glass mug on a white wooden table
Chai Latte,photos/menu/chai-latte.jpg,own (Deliveroo listing),Sasha's Corner,https://deliveroo.co.uk/menu/fife-and-perthshire/dundee/sashas-corner,2026-09-28,Chai latte with a smooth milk top in a tall double-walled glass on a white wooden table
Chia pudding,photos/menu/healthy-chia-pudding.jpg,own (Deliveroo listing),Sasha's Corner,https://deliveroo.co.uk/menu/fife-and-perthshire/dundee/sashas-corner,2026-09-28,"Chia pudding in a clip-top glass jar, layered with yoghurt, oats and fresh fruit"
Chocolate Coffee Milkshake,photos/menu/chocolate-coffee-milkshake.jpg,own (Deliveroo listing),Sasha's Corner,https://deliveroo.co.uk/menu/fife-and-perthshire/dundee/sashas-corner,2026-09-28,Iced coffee milkshake with chocolate drizzle and whipped cream in a Sasha's Corner takeaway cup
Chocolate Milkshake,photos/menu/chocolate-milkshake.jpg,own (Deliveroo listing),Sasha's Corner,https://deliveroo.co.uk/menu/fife-and-perthshire/dundee/sashas-corner,2026-09-28,Chocolate milkshake topped with whipped cream and cocoa in a Sasha's Corner takeaway cup
Coca-Cola,photos/menu/coca-cola-330ml.jpg,third-party packshot (Deliveroo listing) - check before web use,unknown (brand or supplier image),https://deliveroo.co.uk/menu/fife-and-perthshire/dundee/sashas-corner,2026-09-28,Red Coca-Cola 330ml can on a white background
Coffee Milkshake,photos/menu/coffee-milkshake.jpg,own (Deliveroo listing),Sasha's Corner,https://deliveroo.co.uk/menu/fife-and-perthshire/dundee/sashas-corner,2026-09-28,Coffee milkshake topped with whipped cream in a Sasha's Corner takeaway cup on a beige backdrop
Cortado,photos/menu/cortado.jpg,own (Deliveroo listing),Sasha's Corner,https://deliveroo.co.uk/menu/fife-and-perthshire/dundee/sashas-corner,2026-09-28,Cortado with latte art in a small double-walled glass on a white wooden table
Dark Blue Wafer,photos/menu/dark-blue-wafer.jpg,third-party packshot (Deliveroo listing) - check before web use,unknown (brand or supplier image),https://deliveroo.co.uk/menu/fife-and-perthshire/dundee/sashas-corner,2026-09-28,Pack of Balocco Snack cocoa cream wafers in a dark blue wrapper
Decaf Tea,photos/menu/decaf-tea.jpg,own (Deliveroo listing),Sasha's Corner,https://deliveroo.co.uk/menu/fife-and-perthshire/dundee/sashas-corner,2026-09-28,"Dark red-brown tea in a glass mug on a wooden coaster, beige backdrop"
Double Espresso,photos/menu/espresso.jpg,own (Deliveroo listing),Sasha's Corner,https://deliveroo.co.uk/menu/fife-and-perthshire/dundee/sashas-corner,2026-09-28,Espresso with crema in a small double-walled glass on a white wooden table
Double Espresso Con Pana,photos/menu/espresso-con-pana.jpg,own (Deliveroo listing),Sasha's Corner,https://deliveroo.co.uk/menu/fife-and-perthshire/dundee/sashas-corner,2026-09-28,Espresso topped with whipped cream in a small double-walled glass on a white wooden table
Double Macchiato,photos/menu/macchiato.jpg,own (Deliveroo listing),Sasha's Corner,https://deliveroo.co.uk/menu/fife-and-perthshire/dundee/sashas-corner,2026-09-28,"Macchiato, espresso with a cap of milk foam, in a small double-walled glass on a white wooden table"
Earl Grey,photos/menu/earl-grey-tea.jpg,own (Deliveroo listing),Sasha's Corner,https://deliveroo.co.uk/menu/fife-and-perthshire/dundee/sashas-corner,2026-09-28,"Dark red-brown tea in a glass mug on a wooden coaster, beige backdrop"
English Breakfast,photos/menu/english-breakfast-tea.jpg,own (Deliveroo listing),Sasha's Corner,https://deliveroo.co.uk/menu/fife-and-perthshire/dundee/sashas-corner,2026-09-28,Amber black tea in a double-walled glass mug on a white wooden table
Espresso Tonic,photos/menu/espresso-tonic.jpg,own (Deliveroo listing),Sasha's Corner,https://deliveroo.co.uk/menu/fife-and-perthshire/dundee/sashas-corner,2026-09-28,Espresso tonic over ice with a dried orange slice in a Sasha's Corner takeaway cup
Fanta,photos/menu/fanta-330ml.jpg,third-party packshot (Deliveroo listing) - check before web use,unknown (brand or supplier image),https://deliveroo.co.uk/menu/fife-and-perthshire/dundee/sashas-corner,2026-09-28,Fanta Orange zero sugar 330ml can on a white background
Flat White,photos/menu/flat-white.jpg,own (Deliveroo listing),Sasha's Corner,https://deliveroo.co.uk/menu/fife-and-perthshire/dundee/sashas-corner,2026-09-28,Flat white seen from above with rosetta latte art in a glass cup
Forest Fruits Tea,photos/menu/forest-fruits-tea.jpg,own (Deliveroo listing),Sasha's Corner,https://deliveroo.co.uk/menu/fife-and-perthshire/dundee/sashas-corner,2026-09-28,Dark fruit tea with loose fruit pieces in a tall glass mug on a white wooden table
Ginger and Lemongrass Tea,photos/menu/ginger-and-lemongrass-tea.jpg,own (Deliveroo listing),Sasha's Corner,https://deliveroo.co.uk/menu/fife-and-perthshire/dundee/sashas-corner,2026-09-28,Pale ginger and lemongrass tea with loose leaves in a tall glass mug on a white wooden table
Granola pot,photos/menu/fresh-granola-pod.jpg,own (Deliveroo listing),Sasha's Corner,https://deliveroo.co.uk/menu/fife-and-perthshire/dundee/sashas-corner,2026-09-28,"Three granola pots with yoghurt, honey, granola and berries, labelled ""Granola"" in chalk"
Green,photos/menu/green-tea.jpg,own (Deliveroo listing),Sasha's Corner,https://deliveroo.co.uk/menu/fife-and-perthshire/dundee/sashas-corner,2026-09-28,Pale green tea with the tea bag in a double-walled glass mug on a white wooden table
Green Apple Bubble Tea,photos/menu/green-apple-bubble-tea.jpg,own (Deliveroo listing),Sasha's Corner,https://deliveroo.co.uk/menu/fife-and-perthshire/dundee/sashas-corner,2026-09-28,"Milky bubble tea in a tall glass with green popping pearls at the bottom, beige backdrop"
Ham and Cheese Toastie,photos/menu/ham-and-cheese-toastie.jpg,third-party packshot (Deliveroo listing) - check before web use,unknown (brand or supplier image),https://deliveroo.co.uk/menu/fife-and-perthshire/dundee/sashas-corner,2026-09-28,"Packaged ham and cheese toastie (Savour It) beside a toasted half oozing cheese, on a dark background"
Honey Bubble Tea,photos/menu/honey-bubble-tea.jpg,own (Deliveroo listing),Sasha's Corner,https://deliveroo.co.uk/menu/fife-and-perthshire/dundee/sashas-corner,2026-09-28,Milky bubble tea with honey-coloured pearls in a tall glass on a wooden coaster
Hot Chocolate,photos/menu/hot-chocolate.jpg,own (Deliveroo listing),Sasha's Corner,https://deliveroo.co.uk/menu/fife-and-perthshire/dundee/sashas-corner,2026-09-28,Hot chocolate with a cocoa-dusted top in a double-walled glass mug on a white wooden table
Hot Lavender Matcha,photos/menu/hot-lavender-matcha.jpg,own (Deliveroo listing),Sasha's Corner,https://deliveroo.co.uk/menu/fife-and-perthshire/dundee/sashas-corner,2026-09-28,"Green matcha latte in a double-walled glass on a wooden coaster with a lavender sprig, beige backdrop"
Hot Matcha,photos/menu/hot-matcha.jpg,own (Deliveroo listing),Sasha's Corner,https://deliveroo.co.uk/menu/fife-and-perthshire/dundee/sashas-corner,2026-09-28,"Green matcha latte with matcha dusting in a double-walled glass on a wooden coaster, beige backdrop"
Hot Rose Matcha,photos/menu/hot-rose-matcha.jpg,own (Deliveroo listing),Sasha's Corner,https://deliveroo.co.uk/menu/fife-and-perthshire/dundee/sashas-corner,2026-09-28,Green matcha latte topped with dried rose buds in a double-walled glass on a wooden coaster
Hot Strawberry Matcha,photos/menu/hot-strawberry-matcha.jpg,own (Deliveroo listing),Sasha's Corner,https://deliveroo.co.uk/menu/fife-and-perthshire/dundee/sashas-corner,2026-09-28,Matcha latte with a pink strawberry layer at the bottom in a double-walled glass on a wooden coaster
Hot Vanilla Matcha,photos/menu/hot-vanilla-matcha.jpg,own (Deliveroo listing),Sasha's Corner,https://deliveroo.co.uk/menu/fife-and-perthshire/dundee/sashas-corner,2026-09-28,Green matcha latte in a double-walled glass on a wooden coaster with a vanilla flower and pod
Hot White Choc Matcha,photos/menu/hot-white-choc-matcha.jpg,own (Deliveroo listing),Sasha's Corner,https://deliveroo.co.uk/menu/fife-and-perthshire/dundee/sashas-corner,2026-09-28,Green matcha latte in a double-walled glass on a wooden coaster with white chocolate pieces
Iced banana bread hojicha,photos/menu/iced-banana-bread-hojicha.jpg,own (Deliveroo listing),Sasha's Corner,https://deliveroo.co.uk/menu/fife-and-perthshire/dundee/sashas-corner,2026-09-28,Iced banana bread hojicha in a clear takeaway cup: hojicha and ice over milk with banana at the bottom
Iced Banana Matcha,photos/menu/iced-banana-matcha.jpg,own (Deliveroo listing),Sasha's Corner,https://deliveroo.co.uk/menu/fife-and-perthshire/dundee/sashas-corner,2026-09-28,Iced matcha over milk in a lidded Sasha's Corner takeaway cup on a wooden coaster
Iced Biscoff hojicha,photos/menu/iced-biscoff-hojicha.jpg,own (Deliveroo listing),Sasha's Corner,https://deliveroo.co.uk/menu/fife-and-perthshire/dundee/sashas-corner,2026-09-28,Iced hojicha latte with caramel drizzle topped with a Biscoff biscuit in a clear takeaway cup
Iced Black Americano,photos/menu/iced-black-americano.jpg,own (Deliveroo listing),Sasha's Corner,https://deliveroo.co.uk/menu/fife-and-perthshire/dundee/sashas-corner,2026-09-28,"Iced black americano in a double-walled glass on a wooden coaster, beige backdrop"
Iced brown sugar hojicha,photos/menu/iced-brown-sugar-hojicha.jpg,own (Deliveroo listing),Sasha's Corner,https://deliveroo.co.uk/menu/fife-and-perthshire/dundee/sashas-corner,2026-09-28,"Iced brown sugar hojicha in a clear takeaway cup, dark hojicha and ice over milk"
Iced Cappuccino,photos/menu/iced-cappuccino.jpg,own (Deliveroo listing),Sasha's Corner,https://deliveroo.co.uk/menu/fife-and-perthshire/dundee/sashas-corner,2026-09-28,Iced cappuccino with cocoa-dusted foam in a double-walled glass on a wooden coaster
Iced Chai Latte,photos/menu/iced-chai-latte.jpg,own (Deliveroo listing),Sasha's Corner,https://deliveroo.co.uk/menu/fife-and-perthshire/dundee/sashas-corner,2026-09-28,Iced chai latte dusted with cinnamon in a double-walled glass on a wooden coaster
Iced Citrus Blue Matcha,photos/menu/iced-citrus-blue-matcha.jpg,own (Deliveroo listing),Sasha's Corner,https://deliveroo.co.uk/menu/fife-and-perthshire/dundee/sashas-corner,2026-09-28,Iced blue matcha with a dried orange slice in a Sasha's Corner takeaway cup
Iced Coconut Matcha,photos/menu/iced-coconut-matcha.jpg,own (Deliveroo listing),Sasha's Corner,https://deliveroo.co.uk/menu/fife-and-perthshire/dundee/sashas-corner,2026-09-28,Iced matcha over milk in a lidded Sasha's Corner takeaway cup on a wooden coaster
Iced Flat White,photos/menu/iced-flat-white.jpg,own (Deliveroo listing),Sasha's Corner,https://deliveroo.co.uk/menu/fife-and-perthshire/dundee/sashas-corner,2026-09-28,Iced flat white with ice cubes in a double-walled glass on a wooden coaster
Iced Latte,photos/menu/iced-latte.jpg,own (Deliveroo listing),Sasha's Corner,https://deliveroo.co.uk/menu/fife-and-perthshire/dundee/sashas-corner,2026-09-28,Iced latte with ice cubes in a double-walled glass on a wooden coaster
Iced lavender matcha,photos/menu/iced-lavender-matcha.jpg,own (Deliveroo listing),Sasha's Corner,https://deliveroo.co.uk/menu/fife-and-perthshire/dundee/sashas-corner,2026-09-28,Matcha latte in a double-walled glass on a wooden coaster with a lavender sprig (same shot as the hot lavender matcha)
Iced Lemon & Honey Tea,photos/menu/iced-lemon-and-honey-tea.jpg,own (Deliveroo listing),Sasha's Corner,https://deliveroo.co.uk/menu/fife-and-perthshire/dundee/sashas-corner,2026-09-28,Amber iced lemon and honey tea with a dried citrus slice in a Sasha's Corner takeaway cup
Iced Mango Matcha,photos/menu/iced-mango-matcha.jpg,own (Deliveroo listing),Sasha's Corner,https://deliveroo.co.uk/menu/fife-and-perthshire/dundee/sashas-corner,2026-09-28,Iced matcha over mango and milk in a lidded Sasha's Corner takeaway cup on a wooden coaster
Iced Mocha,photos/menu/iced-mocha.jpg,own (Deliveroo listing),Sasha's Corner,https://deliveroo.co.uk/menu/fife-and-perthshire/dundee/sashas-corner,2026-09-28,Iced mocha with ice in a Sasha's Corner takeaway cup on a white wooden table
Iced Peach Matcha,photos/menu/iced-peach-matcha.jpg,own (Deliveroo listing),Sasha's Corner,https://deliveroo.co.uk/menu/fife-and-perthshire/dundee/sashas-corner,2026-09-28,Iced matcha over peach and milk in a lidded Sasha's Corner takeaway cup on a wooden coaster
Iced rose matcha,photos/menu/iced-rose-matcha.jpg,own (Deliveroo listing),Sasha's Corner,https://deliveroo.co.uk/menu/fife-and-perthshire/dundee/sashas-corner,2026-09-28,Matcha latte topped with dried rose buds in a double-walled glass (same shot as the hot rose matcha)
Iced Rose Tea,photos/menu/iced-rose-tea.jpg,own (Deliveroo listing),Sasha's Corner,https://deliveroo.co.uk/menu/fife-and-perthshire/dundee/sashas-corner,2026-09-28,Iced rose tea topped with dried rose petals in a Sasha's Corner takeaway cup
Iced Strawberry Matcha,photos/menu/iced-strawberry-matcha.jpg,own (Deliveroo listing),Sasha's Corner,https://deliveroo.co.uk/menu/fife-and-perthshire/dundee/sashas-corner,2026-09-28,Iced matcha over strawberry and milk in a lidded Sasha's Corner takeaway cup on a wooden coaster
Iced White Americano,photos/menu/iced-white-americano.jpg,own (Deliveroo listing),Sasha's Corner,https://deliveroo.co.uk/menu/fife-and-perthshire/dundee/sashas-corner,2026-09-28,"Iced white americano in a double-walled glass on a wooden coaster, beige backdrop"
Iced White Mocha,photos/menu/iced-white-mocha.jpg,own (Deliveroo listing),Sasha's Corner,https://deliveroo.co.uk/menu/fife-and-perthshire/dundee/sashas-corner,2026-09-28,"Iced white mocha in a double-walled glass on a wooden coaster, beige backdrop"
Jasmine and Mint Green Tea,photos/menu/jasmine-and-mint-green-tea.jpg,own (Deliveroo listing),Sasha's Corner,https://deliveroo.co.uk/menu/fife-and-perthshire/dundee/sashas-corner,2026-09-28,Pale jasmine and mint green tea with loose leaves in a tall glass mug on a white wooden table
Kiwi Bubble Tea,photos/menu/kiwi-bubble-tea.jpg,own (Deliveroo listing),Sasha's Corner,https://deliveroo.co.uk/menu/fife-and-perthshire/dundee/sashas-corner,2026-09-28,"Milky bubble tea with green kiwi pearls at the bottom of a tall glass, beige backdrop"
Latte,photos/menu/latte.jpg,own (Deliveroo listing),Sasha's Corner,https://deliveroo.co.uk/menu/fife-and-perthshire/dundee/sashas-corner,2026-09-28,Latte with a smooth white milk top in a tall double-walled glass on a white wooden table
Lemon and Pistachio,photos/menu/lemon-and-pistachio.jpg,own (Deliveroo listing),Sasha's Corner,https://deliveroo.co.uk/menu/fife-and-perthshire/dundee/sashas-corner,2026-09-28,Slice of lemon and pistachio blondie with white chocolate and chopped pistachios on a green plate
Mint,photos/menu/mint-tea.jpg,own (Deliveroo listing),Sasha's Corner,https://deliveroo.co.uk/menu/fife-and-perthshire/dundee/sashas-corner,2026-09-28,Mint tea with the tea bag in a double-walled glass mug on a white wooden table
Mocha,photos/menu/mocha.jpg,own (Deliveroo listing),Sasha's Corner,https://deliveroo.co.uk/menu/fife-and-perthshire/dundee/sashas-corner,2026-09-28,Mocha with latte art in a double-walled glass mug on a white wooden table
Mocha Cortado,photos/menu/mocha-cortado.jpg,own (Deliveroo listing),Sasha's Corner,https://deliveroo.co.uk/menu/fife-and-perthshire/dundee/sashas-corner,2026-09-28,"Mocha cortado in a small double-walled glass on a wooden coaster, beige backdrop"
Orange Americano,photos/menu/orange-americano.jpg,own (Deliveroo listing),Sasha's Corner,https://deliveroo.co.uk/menu/fife-and-perthshire/dundee/sashas-corner,2026-09-28,Black americano with a slice of orange in a glass mug on a wooden coaster
Passion Fruit Bubble Tea,photos/menu/passion-fruit-bubble-tea.jpg,own (Deliveroo listing),Sasha's Corner,https://deliveroo.co.uk/menu/fife-and-perthshire/dundee/sashas-corner,2026-09-28,Milky passion fruit bubble tea with pearls in a tall glass on a wooden coaster
Peach Iced Tea,photos/menu/peach-iced-tea.jpg,own (Deliveroo listing),Sasha's Corner,https://deliveroo.co.uk/menu/fife-and-perthshire/dundee/sashas-corner,2026-09-28,Peach iced tea in a Sasha's Corner takeaway cup on a white wooden table
Pom-Bear crisps,photos/menu/pom-bear-original-potato-snacks-19g.jpg,own (Deliveroo listing),Sasha's Corner,https://deliveroo.co.uk/menu/fife-and-perthshire/dundee/sashas-corner,2026-09-28,"Pack of Pom-Bear Original potato snacks, 19g"
Pringles,photos/menu/pringles-original-40g.jpg,own (Deliveroo listing),Sasha's Corner,https://deliveroo.co.uk/menu/fife-and-perthshire/dundee/sashas-corner,2026-09-28,Red Pringles Original 40g tub on a café table
Raff Coffee,photos/menu/raff-coffee.jpg,own (Deliveroo listing),Sasha's Corner,https://deliveroo.co.uk/menu/fife-and-perthshire/dundee/sashas-corner,2026-09-28,Raff coffee with a smooth pale top in a tall double-walled glass on a wooden coaster
Salted Caramel Coffee Milkshake,photos/menu/salted-caramel-milkshake.jpg,own (Deliveroo listing),Sasha's Corner,https://deliveroo.co.uk/menu/fife-and-perthshire/dundee/sashas-corner,2026-09-28,"Milkshake with caramel drizzle down the cup, topped with whipped cream, in a clear takeaway cup"
Salted Caramel Milkshake,photos/menu/salted-caramel-milkshake.jpg,own (Deliveroo listing),Sasha's Corner,https://deliveroo.co.uk/menu/fife-and-perthshire/dundee/sashas-corner,2026-09-28,"Milkshake with caramel drizzle down the cup, topped with whipped cream, in a clear takeaway cup"
Single Espresso,photos/menu/espresso.jpg,own (Deliveroo listing),Sasha's Corner,https://deliveroo.co.uk/menu/fife-and-perthshire/dundee/sashas-corner,2026-09-28,Espresso with crema in a small double-walled glass on a white wooden table
Single Espresso Con Pana,photos/menu/espresso-con-pana.jpg,own (Deliveroo listing),Sasha's Corner,https://deliveroo.co.uk/menu/fife-and-perthshire/dundee/sashas-corner,2026-09-28,Espresso topped with whipped cream in a small double-walled glass on a white wooden table
Single Macchiato,photos/menu/macchiato.jpg,own (Deliveroo listing),Sasha's Corner,https://deliveroo.co.uk/menu/fife-and-perthshire/dundee/sashas-corner,2026-09-28,"Macchiato, espresso with a cap of milk foam, in a small double-walled glass on a white wooden table"
Soup of the day,photos/menu/soup-of-the-day.jpg,third-party packshot (Deliveroo listing) - check before web use,unknown (brand or supplier image),https://deliveroo.co.uk/menu/fife-and-perthshire/dundee/sashas-corner,2026-09-28,"Three bowls of soup (mushroom, tomato and chicken) with bread on a table"
Spiced Apple Chai,photos/menu/spiced-apple-chai.jpg,own (Deliveroo listing),Sasha's Corner,https://deliveroo.co.uk/menu/fife-and-perthshire/dundee/sashas-corner,2026-09-28,Spiced apple chai with loose tea leaves in a tall glass mug on a white wooden table
Still Water,photos/menu/still-water.jpg,third-party packshot (Deliveroo listing) - check before web use,unknown (brand or supplier image),https://deliveroo.co.uk/menu/fife-and-perthshire/dundee/sashas-corner,2026-09-28,Row of Harrogate still spring water bottles
Strawberry,photos/menu/strawberry-milkshake.jpg,own (Deliveroo listing),Sasha's Corner,https://deliveroo.co.uk/menu/fife-and-perthshire/dundee/sashas-corner,2026-09-28,"Pink strawberry milkshake with whipped cream and red sprinkles in a tall glass, amber backdrop"
Strawberry Black,photos/menu/strawberry-black-tea.jpg,own (Deliveroo listing),Sasha's Corner,https://deliveroo.co.uk/menu/fife-and-perthshire/dundee/sashas-corner,2026-09-28,Strawberry black tea with loose leaves in a tall glass mug on a white wooden table
Tiramisu blondie,photos/menu/tiramisu-blondie.jpg,own (Deliveroo listing),Sasha's Corner,https://deliveroo.co.uk/menu/fife-and-perthshire/dundee/sashas-corner,2026-09-28,Slice of tiramisu blondie on a white plate against a pink backdrop
Toast with butter,photos/menu/toasts-with-butter.jpg,own (Deliveroo listing),Sasha's Corner,https://deliveroo.co.uk/menu/fife-and-perthshire/dundee/sashas-corner,2026-09-28,"Toast triangles around a small bowl of red jam, with butter portions, on a green plate"
White Americano,photos/menu/white-americano.jpg,own (Deliveroo listing),Sasha's Corner,https://deliveroo.co.uk/menu/fife-and-perthshire/dundee/sashas-corner,2026-09-28,White americano in a double-walled glass mug on a white wooden table
White Hot Chocolate,photos/menu/white-hot-chocolate.jpg,own (Deliveroo listing),Sasha's Corner,https://deliveroo.co.uk/menu/fife-and-perthshire/dundee/sashas-corner,2026-09-28,White hot chocolate topped with pink and white marshmallows in a glass mug on a white wooden table
White Mocha,photos/menu/white-mocha.jpg,own (Deliveroo listing),Sasha's Corner,https://deliveroo.co.uk/menu/fife-and-perthshire/dundee/sashas-corner,2026-09-28,White mocha with latte art in a tall double-walled glass on a white wooden table
