menu_item,size,ingredient,qty,role,source_url,note
Green apple matcha,S,8oz paper cup,1,cup,,mirrors Hot Rose Matcha
Green apple matcha,S,8oz cup lid,1,lid,,mirrors Hot Rose Matcha
Green apple matcha,S,Napkin,1,napkin,,mirrors Hot Rose Matcha
Green apple matcha,S,Matcha powder,0.0015,base,https://www.purematchapartners.com/blogs/matcha-powder-for-lattes-complete-barista-guide,mirrors Hot Rose Matcha; guide: 2–3 g per 12oz
Green apple matcha,S,Whole milk,0.16,milk,,mirrors Hot Rose Matcha
Green apple matcha,S,Apple syrup (Monin),15,flavour,,mirrors Hot Rose Matcha
Green apple matcha,M,12oz paper cup,1,cup,,mirrors Hot Rose Matcha
Green apple matcha,M,12oz cup lid,1,lid,,mirrors Hot Rose Matcha
Green apple matcha,M,Napkin,1,napkin,,mirrors Hot Rose Matcha
Green apple matcha,M,Matcha powder,0.002,base,https://www.purematchapartners.com/blogs/matcha-powder-for-lattes-complete-barista-guide,mirrors Hot Rose Matcha; guide: 2–3 g per 12oz
Green apple matcha,M,Whole milk,0.24,milk,,mirrors Hot Rose Matcha
Green apple matcha,M,Apple syrup (Monin),20,flavour,,mirrors Hot Rose Matcha
Green apple matcha,XL,16oz paper cup,1,cup,,mirrors Hot Rose Matcha
Green apple matcha,XL,16oz cup lid,1,lid,,mirrors Hot Rose Matcha
Green apple matcha,XL,Napkin,1,napkin,,mirrors Hot Rose Matcha
Green apple matcha,XL,Matcha powder,0.0025,base,https://www.purematchapartners.com/blogs/matcha-powder-for-lattes-complete-barista-guide,mirrors Hot Rose Matcha; guide: 2–3 g per 12oz
Green apple matcha,XL,Whole milk,0.32,milk,,mirrors Hot Rose Matcha
Green apple matcha,XL,Apple syrup (Monin),25,flavour,,mirrors Hot Rose Matcha
Kiwi matcha,S,8oz paper cup,1,cup,,mirrors Hot Rose Matcha
Kiwi matcha,S,8oz cup lid,1,lid,,mirrors Hot Rose Matcha
Kiwi matcha,S,Napkin,1,napkin,,mirrors Hot Rose Matcha
Kiwi matcha,S,Matcha powder,0.0015,base,https://www.purematchapartners.com/blogs/matcha-powder-for-lattes-complete-barista-guide,mirrors Hot Rose Matcha; guide: 2–3 g per 12oz
Kiwi matcha,S,Whole milk,0.16,milk,,mirrors Hot Rose Matcha
Kiwi matcha,S,Kiwi syrup (Monin),15,flavour,,mirrors Hot Rose Matcha
Kiwi matcha,M,12oz paper cup,1,cup,,mirrors Hot Rose Matcha
Kiwi matcha,M,12oz cup lid,1,lid,,mirrors Hot Rose Matcha
Kiwi matcha,M,Napkin,1,napkin,,mirrors Hot Rose Matcha
Kiwi matcha,M,Matcha powder,0.002,base,https://www.purematchapartners.com/blogs/matcha-powder-for-lattes-complete-barista-guide,mirrors Hot Rose Matcha; guide: 2–3 g per 12oz
Kiwi matcha,M,Whole milk,0.24,milk,,mirrors Hot Rose Matcha
Kiwi matcha,M,Kiwi syrup (Monin),20,flavour,,mirrors Hot Rose Matcha
Kiwi matcha,XL,16oz paper cup,1,cup,,mirrors Hot Rose Matcha
Kiwi matcha,XL,16oz cup lid,1,lid,,mirrors Hot Rose Matcha
Kiwi matcha,XL,Napkin,1,napkin,,mirrors Hot Rose Matcha
Kiwi matcha,XL,Matcha powder,0.0025,base,https://www.purematchapartners.com/blogs/matcha-powder-for-lattes-complete-barista-guide,mirrors Hot Rose Matcha; guide: 2–3 g per 12oz
Kiwi matcha,XL,Whole milk,0.32,milk,,mirrors Hot Rose Matcha
Kiwi matcha,XL,Kiwi syrup (Monin),25,flavour,,mirrors Hot Rose Matcha
Mango matcha,S,8oz paper cup,1,cup,,mirrors Hot Rose Matcha
Mango matcha,S,8oz cup lid,1,lid,,mirrors Hot Rose Matcha
Mango matcha,S,Napkin,1,napkin,,mirrors Hot Rose Matcha
Mango matcha,S,Matcha powder,0.0015,base,https://www.purematchapartners.com/blogs/matcha-powder-for-lattes-complete-barista-guide,mirrors Hot Rose Matcha; guide: 2–3 g per 12oz
Mango matcha,S,Whole milk,0.16,milk,,mirrors Hot Rose Matcha
Mango matcha,S,Mango syrup/puree (Monin),15,flavour,,mirrors Hot Rose Matcha
Mango matcha,M,12oz paper cup,1,cup,,mirrors Hot Rose Matcha
Mango matcha,M,12oz cup lid,1,lid,,mirrors Hot Rose Matcha
Mango matcha,M,Napkin,1,napkin,,mirrors Hot Rose Matcha
Mango matcha,M,Matcha powder,0.002,base,https://www.purematchapartners.com/blogs/matcha-powder-for-lattes-complete-barista-guide,mirrors Hot Rose Matcha; guide: 2–3 g per 12oz
Mango matcha,M,Whole milk,0.24,milk,,mirrors Hot Rose Matcha
Mango matcha,M,Mango syrup/puree (Monin),20,flavour,,mirrors Hot Rose Matcha
Mango matcha,XL,16oz paper cup,1,cup,,mirrors Hot Rose Matcha
Mango matcha,XL,16oz cup lid,1,lid,,mirrors Hot Rose Matcha
Mango matcha,XL,Napkin,1,napkin,,mirrors Hot Rose Matcha
Mango matcha,XL,Matcha powder,0.0025,base,https://www.purematchapartners.com/blogs/matcha-powder-for-lattes-complete-barista-guide,mirrors Hot Rose Matcha; guide: 2–3 g per 12oz
Mango matcha,XL,Whole milk,0.32,milk,,mirrors Hot Rose Matcha
Mango matcha,XL,Mango syrup/puree (Monin),25,flavour,,mirrors Hot Rose Matcha
Peach matcha,S,8oz paper cup,1,cup,,mirrors Hot Rose Matcha
Peach matcha,S,8oz cup lid,1,lid,,mirrors Hot Rose Matcha
Peach matcha,S,Napkin,1,napkin,,mirrors Hot Rose Matcha
Peach matcha,S,Matcha powder,0.0015,base,https://www.purematchapartners.com/blogs/matcha-powder-for-lattes-complete-barista-guide,mirrors Hot Rose Matcha; guide: 2–3 g per 12oz
Peach matcha,S,Whole milk,0.16,milk,,mirrors Hot Rose Matcha
Peach matcha,S,Peach syrup (Monin),15,flavour,,mirrors Hot Rose Matcha
Peach matcha,M,12oz paper cup,1,cup,,mirrors Hot Rose Matcha
Peach matcha,M,12oz cup lid,1,lid,,mirrors Hot Rose Matcha
Peach matcha,M,Napkin,1,napkin,,mirrors Hot Rose Matcha
Peach matcha,M,Matcha powder,0.002,base,https://www.purematchapartners.com/blogs/matcha-powder-for-lattes-complete-barista-guide,mirrors Hot Rose Matcha; guide: 2–3 g per 12oz
Peach matcha,M,Whole milk,0.24,milk,,mirrors Hot Rose Matcha
Peach matcha,M,Peach syrup (Monin),20,flavour,,mirrors Hot Rose Matcha
Peach matcha,XL,16oz paper cup,1,cup,,mirrors Hot Rose Matcha
Peach matcha,XL,16oz cup lid,1,lid,,mirrors Hot Rose Matcha
Peach matcha,XL,Napkin,1,napkin,,mirrors Hot Rose Matcha
Peach matcha,XL,Matcha powder,0.0025,base,https://www.purematchapartners.com/blogs/matcha-powder-for-lattes-complete-barista-guide,mirrors Hot Rose Matcha; guide: 2–3 g per 12oz
Peach matcha,XL,Whole milk,0.32,milk,,mirrors Hot Rose Matcha
Peach matcha,XL,Peach syrup (Monin),25,flavour,,mirrors Hot Rose Matcha
Raspberry matcha,S,8oz paper cup,1,cup,,mirrors Hot Rose Matcha
Raspberry matcha,S,8oz cup lid,1,lid,,mirrors Hot Rose Matcha
Raspberry matcha,S,Napkin,1,napkin,,mirrors Hot Rose Matcha
Raspberry matcha,S,Matcha powder,0.0015,base,https://www.purematchapartners.com/blogs/matcha-powder-for-lattes-complete-barista-guide,mirrors Hot Rose Matcha; guide: 2–3 g per 12oz
Raspberry matcha,S,Whole milk,0.16,milk,,mirrors Hot Rose Matcha
Raspberry matcha,S,Raspberry syrup (Monin),15,flavour,,mirrors Hot Rose Matcha
Raspberry matcha,M,12oz paper cup,1,cup,,mirrors Hot Rose Matcha
Raspberry matcha,M,12oz cup lid,1,lid,,mirrors Hot Rose Matcha
Raspberry matcha,M,Napkin,1,napkin,,mirrors Hot Rose Matcha
Raspberry matcha,M,Matcha powder,0.002,base,https://www.purematchapartners.com/blogs/matcha-powder-for-lattes-complete-barista-guide,mirrors Hot Rose Matcha; guide: 2–3 g per 12oz
Raspberry matcha,M,Whole milk,0.24,milk,,mirrors Hot Rose Matcha
Raspberry matcha,M,Raspberry syrup (Monin),20,flavour,,mirrors Hot Rose Matcha
Raspberry matcha,XL,16oz paper cup,1,cup,,mirrors Hot Rose Matcha
Raspberry matcha,XL,16oz cup lid,1,lid,,mirrors Hot Rose Matcha
Raspberry matcha,XL,Napkin,1,napkin,,mirrors Hot Rose Matcha
Raspberry matcha,XL,Matcha powder,0.0025,base,https://www.purematchapartners.com/blogs/matcha-powder-for-lattes-complete-barista-guide,mirrors Hot Rose Matcha; guide: 2–3 g per 12oz
Raspberry matcha,XL,Whole milk,0.32,milk,,mirrors Hot Rose Matcha
Raspberry matcha,XL,Raspberry syrup (Monin),25,flavour,,mirrors Hot Rose Matcha
Iced citrus matcha,S,12oz paper cup,1,cup,,mirrors Iced Strawberry Matcha
Iced citrus matcha,S,12oz cup lid,1,lid,,mirrors Iced Strawberry Matcha
Iced citrus matcha,S,Napkin,1,napkin,,mirrors Iced Strawberry Matcha
Iced citrus matcha,S,Matcha powder,0.0015,base,https://www.purematchapartners.com/blogs/matcha-powder-for-lattes-complete-barista-guide,mirrors Iced Strawberry Matcha; guide suggests 3–4 g for iced — café uses less
Iced citrus matcha,S,Whole milk,0.12,milk,,mirrors Iced Strawberry Matcha
Iced citrus matcha,S,Citrus / lime syrup (Monin),15,flavour,,mirrors Iced Strawberry Matcha
Iced citrus matcha,M,16oz paper cup,1,cup,,mirrors Iced Strawberry Matcha
Iced citrus matcha,M,16oz cup lid,1,lid,,mirrors Iced Strawberry Matcha
Iced citrus matcha,M,Napkin,1,napkin,,mirrors Iced Strawberry Matcha
Iced citrus matcha,M,Matcha powder,0.002,base,https://www.purematchapartners.com/blogs/matcha-powder-for-lattes-complete-barista-guide,mirrors Iced Strawberry Matcha; guide suggests 3–4 g for iced — café uses less
Iced citrus matcha,M,Whole milk,0.18,milk,,mirrors Iced Strawberry Matcha
Iced citrus matcha,M,Citrus / lime syrup (Monin),20,flavour,,mirrors Iced Strawberry Matcha
Iced green apple matcha,S,12oz paper cup,1,cup,,mirrors Iced Strawberry Matcha
Iced green apple matcha,S,12oz cup lid,1,lid,,mirrors Iced Strawberry Matcha
Iced green apple matcha,S,Napkin,1,napkin,,mirrors Iced Strawberry Matcha
Iced green apple matcha,S,Matcha powder,0.0015,base,https://www.purematchapartners.com/blogs/matcha-powder-for-lattes-complete-barista-guide,mirrors Iced Strawberry Matcha; guide suggests 3–4 g for iced — café uses less
Iced green apple matcha,S,Whole milk,0.12,milk,,mirrors Iced Strawberry Matcha
Iced green apple matcha,S,Apple syrup (Monin),15,flavour,,mirrors Iced Strawberry Matcha
Iced green apple matcha,M,16oz paper cup,1,cup,,mirrors Iced Strawberry Matcha
Iced green apple matcha,M,16oz cup lid,1,lid,,mirrors Iced Strawberry Matcha
Iced green apple matcha,M,Napkin,1,napkin,,mirrors Iced Strawberry Matcha
Iced green apple matcha,M,Matcha powder,0.002,base,https://www.purematchapartners.com/blogs/matcha-powder-for-lattes-complete-barista-guide,mirrors Iced Strawberry Matcha; guide suggests 3–4 g for iced — café uses less
Iced green apple matcha,M,Whole milk,0.18,milk,,mirrors Iced Strawberry Matcha
Iced green apple matcha,M,Apple syrup (Monin),20,flavour,,mirrors Iced Strawberry Matcha
Iced kiwi matcha,S,12oz paper cup,1,cup,,mirrors Iced Strawberry Matcha
Iced kiwi matcha,S,12oz cup lid,1,lid,,mirrors Iced Strawberry Matcha
Iced kiwi matcha,S,Napkin,1,napkin,,mirrors Iced Strawberry Matcha
Iced kiwi matcha,S,Matcha powder,0.0015,base,https://www.purematchapartners.com/blogs/matcha-powder-for-lattes-complete-barista-guide,mirrors Iced Strawberry Matcha; guide suggests 3–4 g for iced — café uses less
Iced kiwi matcha,S,Whole milk,0.12,milk,,mirrors Iced Strawberry Matcha
Iced kiwi matcha,S,Kiwi syrup (Monin),15,flavour,,mirrors Iced Strawberry Matcha
Iced kiwi matcha,M,16oz paper cup,1,cup,,mirrors Iced Strawberry Matcha
Iced kiwi matcha,M,16oz cup lid,1,lid,,mirrors Iced Strawberry Matcha
Iced kiwi matcha,M,Napkin,1,napkin,,mirrors Iced Strawberry Matcha
Iced kiwi matcha,M,Matcha powder,0.002,base,https://www.purematchapartners.com/blogs/matcha-powder-for-lattes-complete-barista-guide,mirrors Iced Strawberry Matcha; guide suggests 3–4 g for iced — café uses less
Iced kiwi matcha,M,Whole milk,0.18,milk,,mirrors Iced Strawberry Matcha
Iced kiwi matcha,M,Kiwi syrup (Monin),20,flavour,,mirrors Iced Strawberry Matcha
Iced lavender matcha,S,12oz paper cup,1,cup,,mirrors Iced Strawberry Matcha
Iced lavender matcha,S,12oz cup lid,1,lid,,mirrors Iced Strawberry Matcha
Iced lavender matcha,S,Napkin,1,napkin,,mirrors Iced Strawberry Matcha
Iced lavender matcha,S,Matcha powder,0.0015,base,https://www.purematchapartners.com/blogs/matcha-powder-for-lattes-complete-barista-guide,mirrors Iced Strawberry Matcha; guide suggests 3–4 g for iced — café uses less
Iced lavender matcha,S,Whole milk,0.12,milk,,mirrors Iced Strawberry Matcha
Iced lavender matcha,S,Lavender syrup (Monin),15,flavour,,mirrors Iced Strawberry Matcha
Iced lavender matcha,M,16oz paper cup,1,cup,,mirrors Iced Strawberry Matcha
Iced lavender matcha,M,16oz cup lid,1,lid,,mirrors Iced Strawberry Matcha
Iced lavender matcha,M,Napkin,1,napkin,,mirrors Iced Strawberry Matcha
Iced lavender matcha,M,Matcha powder,0.002,base,https://www.purematchapartners.com/blogs/matcha-powder-for-lattes-complete-barista-guide,mirrors Iced Strawberry Matcha; guide suggests 3–4 g for iced — café uses less
Iced lavender matcha,M,Whole milk,0.18,milk,,mirrors Iced Strawberry Matcha
Iced lavender matcha,M,Lavender syrup (Monin),20,flavour,,mirrors Iced Strawberry Matcha
Iced raspberry matcha,S,12oz paper cup,1,cup,,mirrors Iced Strawberry Matcha
Iced raspberry matcha,S,12oz cup lid,1,lid,,mirrors Iced Strawberry Matcha
Iced raspberry matcha,S,Napkin,1,napkin,,mirrors Iced Strawberry Matcha
Iced raspberry matcha,S,Matcha powder,0.0015,base,https://www.purematchapartners.com/blogs/matcha-powder-for-lattes-complete-barista-guide,mirrors Iced Strawberry Matcha; guide suggests 3–4 g for iced — café uses less
Iced raspberry matcha,S,Whole milk,0.12,milk,,mirrors Iced Strawberry Matcha
Iced raspberry matcha,S,Raspberry syrup (Monin),15,flavour,,mirrors Iced Strawberry Matcha
Iced raspberry matcha,M,16oz paper cup,1,cup,,mirrors Iced Strawberry Matcha
Iced raspberry matcha,M,16oz cup lid,1,lid,,mirrors Iced Strawberry Matcha
Iced raspberry matcha,M,Napkin,1,napkin,,mirrors Iced Strawberry Matcha
Iced raspberry matcha,M,Matcha powder,0.002,base,https://www.purematchapartners.com/blogs/matcha-powder-for-lattes-complete-barista-guide,mirrors Iced Strawberry Matcha; guide suggests 3–4 g for iced — café uses less
Iced raspberry matcha,M,Whole milk,0.18,milk,,mirrors Iced Strawberry Matcha
Iced raspberry matcha,M,Raspberry syrup (Monin),20,flavour,,mirrors Iced Strawberry Matcha
Iced rose matcha,S,12oz paper cup,1,cup,,mirrors Iced Strawberry Matcha
Iced rose matcha,S,12oz cup lid,1,lid,,mirrors Iced Strawberry Matcha
Iced rose matcha,S,Napkin,1,napkin,,mirrors Iced Strawberry Matcha
Iced rose matcha,S,Matcha powder,0.0015,base,https://www.purematchapartners.com/blogs/matcha-powder-for-lattes-complete-barista-guide,mirrors Iced Strawberry Matcha; guide suggests 3–4 g for iced — café uses less
Iced rose matcha,S,Whole milk,0.12,milk,,mirrors Iced Strawberry Matcha
Iced rose matcha,S,Rose syrup (Monin),15,flavour,,mirrors Iced Strawberry Matcha
Iced rose matcha,M,16oz paper cup,1,cup,,mirrors Iced Strawberry Matcha
Iced rose matcha,M,16oz cup lid,1,lid,,mirrors Iced Strawberry Matcha
Iced rose matcha,M,Napkin,1,napkin,,mirrors Iced Strawberry Matcha
Iced rose matcha,M,Matcha powder,0.002,base,https://www.purematchapartners.com/blogs/matcha-powder-for-lattes-complete-barista-guide,mirrors Iced Strawberry Matcha; guide suggests 3–4 g for iced — café uses less
Iced rose matcha,M,Whole milk,0.18,milk,,mirrors Iced Strawberry Matcha
Iced rose matcha,M,Rose syrup (Monin),20,flavour,,mirrors Iced Strawberry Matcha
Iced vanilla matcha,S,12oz paper cup,1,cup,,mirrors Iced Strawberry Matcha
Iced vanilla matcha,S,12oz cup lid,1,lid,,mirrors Iced Strawberry Matcha
Iced vanilla matcha,S,Napkin,1,napkin,,mirrors Iced Strawberry Matcha
Iced vanilla matcha,S,Matcha powder,0.0015,base,https://www.purematchapartners.com/blogs/matcha-powder-for-lattes-complete-barista-guide,mirrors Iced Strawberry Matcha; guide suggests 3–4 g for iced — café uses less
Iced vanilla matcha,S,Whole milk,0.12,milk,,mirrors Iced Strawberry Matcha
Iced vanilla matcha,S,Vanilla syrup (Monin),15,flavour,,mirrors Iced Strawberry Matcha
Iced vanilla matcha,M,16oz paper cup,1,cup,,mirrors Iced Strawberry Matcha
Iced vanilla matcha,M,16oz cup lid,1,lid,,mirrors Iced Strawberry Matcha
Iced vanilla matcha,M,Napkin,1,napkin,,mirrors Iced Strawberry Matcha
Iced vanilla matcha,M,Matcha powder,0.002,base,https://www.purematchapartners.com/blogs/matcha-powder-for-lattes-complete-barista-guide,mirrors Iced Strawberry Matcha; guide suggests 3–4 g for iced — café uses less
Iced vanilla matcha,M,Whole milk,0.18,milk,,mirrors Iced Strawberry Matcha
Iced vanilla matcha,M,Vanilla syrup (Monin),20,flavour,,mirrors Iced Strawberry Matcha
Iced white chocolate matcha,S,12oz paper cup,1,cup,,mirrors Iced Strawberry Matcha
Iced white chocolate matcha,S,12oz cup lid,1,lid,,mirrors Iced Strawberry Matcha
Iced white chocolate matcha,S,Napkin,1,napkin,,mirrors Iced Strawberry Matcha
Iced white chocolate matcha,S,Matcha powder,0.0015,base,https://www.purematchapartners.com/blogs/matcha-powder-for-lattes-complete-barista-guide,mirrors Iced Strawberry Matcha; guide suggests 3–4 g for iced — café uses less
Iced white chocolate matcha,S,Whole milk,0.12,milk,,mirrors Iced Strawberry Matcha
Iced white chocolate matcha,S,White chocolate sauce,20,flavour,,mirrors Iced White Mocha sauce dose
Iced white chocolate matcha,M,16oz paper cup,1,cup,,mirrors Iced Strawberry Matcha
Iced white chocolate matcha,M,16oz cup lid,1,lid,,mirrors Iced Strawberry Matcha
Iced white chocolate matcha,M,Napkin,1,napkin,,mirrors Iced Strawberry Matcha
Iced white chocolate matcha,M,Matcha powder,0.002,base,https://www.purematchapartners.com/blogs/matcha-powder-for-lattes-complete-barista-guide,mirrors Iced Strawberry Matcha; guide suggests 3–4 g for iced — café uses less
Iced white chocolate matcha,M,Whole milk,0.18,milk,,mirrors Iced Strawberry Matcha
Iced white chocolate matcha,M,White chocolate sauce,30,flavour,,mirrors Iced White Mocha sauce dose
Raspberry bubble tea,S,12oz paper cup,1,cup,,mirrors Honey Bubble Tea
Raspberry bubble tea,S,12oz cup lid,1,lid,,mirrors Honey Bubble Tea
Raspberry bubble tea,S,Bubble tea straw (wide),1,straw,,mirrors Honey Bubble Tea
Raspberry bubble tea,S,Napkin,1,napkin,,mirrors Honey Bubble Tea
Raspberry bubble tea,S,Loose-leaf tea (black),0.004,base,,mirrors Honey Bubble Tea
Raspberry bubble tea,S,Tapioca pearls,0.03,topping,,mirrors Honey Bubble Tea
Raspberry bubble tea,S,Whole milk,0.12,milk,,mirrors Honey Bubble Tea
Raspberry bubble tea,S,Raspberry syrup (Monin),15,flavour,,mirrors Honey Bubble Tea
Mango bubble tea,S,12oz paper cup,1,cup,,mirrors Honey Bubble Tea
Mango bubble tea,S,12oz cup lid,1,lid,,mirrors Honey Bubble Tea
Mango bubble tea,S,Bubble tea straw (wide),1,straw,,mirrors Honey Bubble Tea
Mango bubble tea,S,Napkin,1,napkin,,mirrors Honey Bubble Tea
Mango bubble tea,S,Loose-leaf tea (black),0.004,base,,mirrors Honey Bubble Tea
Mango bubble tea,S,Tapioca pearls,0.03,topping,,mirrors Honey Bubble Tea
Mango bubble tea,S,Whole milk,0.12,milk,,mirrors Honey Bubble Tea
Mango bubble tea,S,Mango syrup/puree (Monin),15,flavour,,mirrors Honey Bubble Tea
Honey banana bubble tea,S,12oz paper cup,1,cup,,mirrors Honey Bubble Tea
Honey banana bubble tea,S,12oz cup lid,1,lid,,mirrors Honey Bubble Tea
Honey banana bubble tea,S,Bubble tea straw (wide),1,straw,,mirrors Honey Bubble Tea
Honey banana bubble tea,S,Napkin,1,napkin,,mirrors Honey Bubble Tea
Honey banana bubble tea,S,Loose-leaf tea (black),0.004,base,,mirrors Honey Bubble Tea
Honey banana bubble tea,S,Tapioca pearls,0.03,topping,,mirrors Honey Bubble Tea
Honey banana bubble tea,S,Whole milk,0.12,milk,,mirrors Honey Bubble Tea
Honey banana bubble tea,S,Honey,10,flavour,,Honey Bubble Tea dose split between honey and banana — confirm
Honey banana bubble tea,S,Banana syrup (Monin),5,flavour,,Honey Bubble Tea dose split between honey and banana — confirm
Brown sugar bubble tea,S,12oz paper cup,1,cup,,mirrors Honey Bubble Tea
Brown sugar bubble tea,S,12oz cup lid,1,lid,,mirrors Honey Bubble Tea
Brown sugar bubble tea,S,Bubble tea straw (wide),1,straw,,mirrors Honey Bubble Tea
Brown sugar bubble tea,S,Napkin,1,napkin,,mirrors Honey Bubble Tea
Brown sugar bubble tea,S,Loose-leaf tea (black),0.004,base,,mirrors Honey Bubble Tea
Brown sugar bubble tea,S,Tapioca pearls,0.03,topping,,mirrors Honey Bubble Tea
Brown sugar bubble tea,S,Whole milk,0.12,milk,,mirrors Honey Bubble Tea
Brown sugar bubble tea,S,Brown sugar syrup,20,flavour,https://thelocca.com/pages/tiger-milk-tea-brown-sugar-milk-tea,recipe: 1 oz (≈30 ml) per drink; S scaled
Raspberry bubble tea,M,16oz paper cup,1,cup,,mirrors Honey Bubble Tea
Raspberry bubble tea,M,16oz cup lid,1,lid,,mirrors Honey Bubble Tea
Raspberry bubble tea,M,Bubble tea straw (wide),1,straw,,mirrors Honey Bubble Tea
Raspberry bubble tea,M,Napkin,1,napkin,,mirrors Honey Bubble Tea
Raspberry bubble tea,M,Loose-leaf tea (black),0.004,base,,mirrors Honey Bubble Tea
Raspberry bubble tea,M,Tapioca pearls,0.05,topping,,mirrors Honey Bubble Tea
Raspberry bubble tea,M,Whole milk,0.18,milk,,mirrors Honey Bubble Tea
Raspberry bubble tea,M,Raspberry syrup (Monin),20,flavour,,mirrors Honey Bubble Tea
Mango bubble tea,M,16oz paper cup,1,cup,,mirrors Honey Bubble Tea
Mango bubble tea,M,16oz cup lid,1,lid,,mirrors Honey Bubble Tea
Mango bubble tea,M,Bubble tea straw (wide),1,straw,,mirrors Honey Bubble Tea
Mango bubble tea,M,Napkin,1,napkin,,mirrors Honey Bubble Tea
Mango bubble tea,M,Loose-leaf tea (black),0.004,base,,mirrors Honey Bubble Tea
Mango bubble tea,M,Tapioca pearls,0.05,topping,,mirrors Honey Bubble Tea
Mango bubble tea,M,Whole milk,0.18,milk,,mirrors Honey Bubble Tea
Mango bubble tea,M,Mango syrup/puree (Monin),20,flavour,,mirrors Honey Bubble Tea
Honey banana bubble tea,M,16oz paper cup,1,cup,,mirrors Honey Bubble Tea
Honey banana bubble tea,M,16oz cup lid,1,lid,,mirrors Honey Bubble Tea
Honey banana bubble tea,M,Bubble tea straw (wide),1,straw,,mirrors Honey Bubble Tea
Honey banana bubble tea,M,Napkin,1,napkin,,mirrors Honey Bubble Tea
Honey banana bubble tea,M,Loose-leaf tea (black),0.004,base,,mirrors Honey Bubble Tea
Honey banana bubble tea,M,Tapioca pearls,0.05,topping,,mirrors Honey Bubble Tea
Honey banana bubble tea,M,Whole milk,0.18,milk,,mirrors Honey Bubble Tea
Honey banana bubble tea,M,Honey,10,flavour,,Honey Bubble Tea dose split between honey and banana — confirm
Honey banana bubble tea,M,Banana syrup (Monin),10,flavour,,Honey Bubble Tea dose split between honey and banana — confirm
Brown sugar bubble tea,M,16oz paper cup,1,cup,,mirrors Honey Bubble Tea
Brown sugar bubble tea,M,16oz cup lid,1,lid,,mirrors Honey Bubble Tea
Brown sugar bubble tea,M,Bubble tea straw (wide),1,straw,,mirrors Honey Bubble Tea
Brown sugar bubble tea,M,Napkin,1,napkin,,mirrors Honey Bubble Tea
Brown sugar bubble tea,M,Loose-leaf tea (black),0.004,base,,mirrors Honey Bubble Tea
Brown sugar bubble tea,M,Tapioca pearls,0.05,topping,,mirrors Honey Bubble Tea
Brown sugar bubble tea,M,Whole milk,0.18,milk,,mirrors Honey Bubble Tea
Brown sugar bubble tea,M,Brown sugar syrup,30,flavour,https://thelocca.com/pages/tiger-milk-tea-brown-sugar-milk-tea,recipe: 1 oz (≈30 ml) per drink; S scaled
Iced Biscoff hojicha,S,12oz paper cup,1,cup,,mirrors Iced Strawberry Matcha
Iced Biscoff hojicha,S,12oz cup lid,1,lid,,mirrors Iced Strawberry Matcha
Iced Biscoff hojicha,S,Napkin,1,napkin,,mirrors Iced Strawberry Matcha
Iced Biscoff hojicha,S,Hojicha powder,0.003,base,https://aumatcha.com.au/blogs/news/hojicha-latte-for-cafe,iced hojicha latte: 3–5 g powder
Iced Biscoff hojicha,S,Whole milk,0.12,milk,,mirrors Iced Strawberry Matcha (board: fresh milk)
Iced Biscoff hojicha,M,16oz paper cup,1,cup,,mirrors Iced Strawberry Matcha
Iced Biscoff hojicha,M,16oz cup lid,1,lid,,mirrors Iced Strawberry Matcha
Iced Biscoff hojicha,M,Napkin,1,napkin,,mirrors Iced Strawberry Matcha
Iced Biscoff hojicha,M,Hojicha powder,0.004,base,https://aumatcha.com.au/blogs/news/hojicha-latte-for-cafe,iced hojicha latte: 3–5 g powder
Iced Biscoff hojicha,M,Whole milk,0.18,milk,,mirrors Iced Strawberry Matcha (board: fresh milk)
Iced banana bread hojicha,S,12oz paper cup,1,cup,,mirrors Iced Strawberry Matcha
Iced banana bread hojicha,S,12oz cup lid,1,lid,,mirrors Iced Strawberry Matcha
Iced banana bread hojicha,S,Napkin,1,napkin,,mirrors Iced Strawberry Matcha
Iced banana bread hojicha,S,Hojicha powder,0.003,base,https://aumatcha.com.au/blogs/news/hojicha-latte-for-cafe,iced hojicha latte: 3–5 g powder
Iced banana bread hojicha,S,Whole milk,0.12,milk,,mirrors Iced Strawberry Matcha (board: fresh milk)
Iced banana bread hojicha,M,16oz paper cup,1,cup,,mirrors Iced Strawberry Matcha
Iced banana bread hojicha,M,16oz cup lid,1,lid,,mirrors Iced Strawberry Matcha
Iced banana bread hojicha,M,Napkin,1,napkin,,mirrors Iced Strawberry Matcha
Iced banana bread hojicha,M,Hojicha powder,0.004,base,https://aumatcha.com.au/blogs/news/hojicha-latte-for-cafe,iced hojicha latte: 3–5 g powder
Iced banana bread hojicha,M,Whole milk,0.18,milk,,mirrors Iced Strawberry Matcha (board: fresh milk)
Iced brown sugar hojicha,S,12oz paper cup,1,cup,,mirrors Iced Strawberry Matcha
Iced brown sugar hojicha,S,12oz cup lid,1,lid,,mirrors Iced Strawberry Matcha
Iced brown sugar hojicha,S,Napkin,1,napkin,,mirrors Iced Strawberry Matcha
Iced brown sugar hojicha,S,Hojicha powder,0.003,base,https://aumatcha.com.au/blogs/news/hojicha-latte-for-cafe,iced hojicha latte: 3–5 g powder
Iced brown sugar hojicha,S,Whole milk,0.12,milk,,mirrors Iced Strawberry Matcha (board: fresh milk)
Iced brown sugar hojicha,M,16oz paper cup,1,cup,,mirrors Iced Strawberry Matcha
Iced brown sugar hojicha,M,16oz cup lid,1,lid,,mirrors Iced Strawberry Matcha
Iced brown sugar hojicha,M,Napkin,1,napkin,,mirrors Iced Strawberry Matcha
Iced brown sugar hojicha,M,Hojicha powder,0.004,base,https://aumatcha.com.au/blogs/news/hojicha-latte-for-cafe,iced hojicha latte: 3–5 g powder
Iced brown sugar hojicha,M,Whole milk,0.18,milk,,mirrors Iced Strawberry Matcha (board: fresh milk)
Iced Biscoff hojicha,S,Biscoff spread,0.01,flavour,https://matchaunion.com/blogs/recipes/biscoff-matcha-latte,recipe: 1 tbsp (≈15 g) per drink; S scaled
Iced brown sugar hojicha,S,Brown sugar syrup,15,flavour,,dose mirrors café syrup convention 15/20 ml
Iced banana bread hojicha,S,Bananas (fresh),0.4,flavour,https://fancifuleats.com/roasted-banana-hojicha-latte/,recipe: half a banana per drink; S scaled
Iced banana bread hojicha,S,Ground cinnamon,0.0005,flavour,https://mafiamatcha.com/blogs/news/banana-bread-hojicha,a pinch (~0.5 g); board: fresh banana with cinnamon
Iced Biscoff hojicha,M,Biscoff spread,0.015,flavour,https://matchaunion.com/blogs/recipes/biscoff-matcha-latte,recipe: 1 tbsp (≈15 g) per drink; S scaled
Iced brown sugar hojicha,M,Brown sugar syrup,20,flavour,,dose mirrors café syrup convention 15/20 ml
Iced banana bread hojicha,M,Bananas (fresh),0.5,flavour,https://fancifuleats.com/roasted-banana-hojicha-latte/,recipe: half a banana per drink; S scaled
Iced banana bread hojicha,M,Ground cinnamon,0.0005,flavour,https://mafiamatcha.com/blogs/news/banana-bread-hojicha,a pinch (~0.5 g); board: fresh banana with cinnamon
Iced creamy pumpkin spice,M,16oz paper cup,1,cup,,mirrors Iced Pumpkin Spice Latte
Iced creamy pumpkin spice,M,16oz cup lid,1,lid,,mirrors Iced Pumpkin Spice Latte
Iced creamy pumpkin spice,M,Napkin,1,napkin,,mirrors Iced Pumpkin Spice Latte
Iced creamy pumpkin spice,M,Coffee beans (house blend),0.036,espresso,,mirrors Iced Pumpkin Spice Latte M
Iced creamy pumpkin spice,M,Pumpkin spice syrup (Monin),20,flavour,,mirrors Iced Pumpkin Spice Latte M
Iced creamy pumpkin spice,M,Sweetened condensed milk,0.03,sweetener,https://www.goodnes.com/la-lechera/recipes/iced-spanish-pumpkin-latte/,recipe: 2 tbsp condensed milk (≈30 g) per drink
Iced creamy pumpkin spice,M,Whole milk,0.15,milk,,Iced PSL M uses 0.18 L; reduced for condensed milk and cream
Iced creamy pumpkin spice,M,Whipping cream,0.03,topping,,board: topped with cream; estimate — confirm
Pure ube latte,S,8oz paper cup,1,cup,,mirrors Hot Matcha
Pure ube latte,S,8oz cup lid,1,lid,,mirrors Hot Matcha
Pure ube latte,S,Napkin,1,napkin,,mirrors Hot Matcha
Pure ube latte,S,Ube powder,0.002,base,https://ube-nolia.com/blog/how-to-use-ube-powder,guide: 2–3 g per 250 ml latte; scaled by cup
Pure ube latte,S,Whole milk,0.16,milk,,mirrors Hot Matcha
Ube coconut cloud latte,S,8oz paper cup,1,cup,,mirrors Hot Matcha
Ube coconut cloud latte,S,8oz cup lid,1,lid,,mirrors Hot Matcha
Ube coconut cloud latte,S,Napkin,1,napkin,,mirrors Hot Matcha
Ube coconut cloud latte,S,Ube powder,0.002,base,https://ube-nolia.com/blog/how-to-use-ube-powder,guide: 2–3 g per 250 ml latte; scaled by cup
Ube coconut cloud latte,S,Coconut milk (barista),0.16,milk,,volume mirrors Hot Matcha milk; coconut milk assumed as the base — confirm
Ube coconut cloud latte,S,Whipping cream,0.02,topping,,'cloud' read as whipped cream foam; estimate — confirm
Pure ube latte,M,12oz paper cup,1,cup,,mirrors Hot Matcha
Pure ube latte,M,12oz cup lid,1,lid,,mirrors Hot Matcha
Pure ube latte,M,Napkin,1,napkin,,mirrors Hot Matcha
Pure ube latte,M,Ube powder,0.003,base,https://ube-nolia.com/blog/how-to-use-ube-powder,guide: 2–3 g per 250 ml latte; scaled by cup
Pure ube latte,M,Whole milk,0.24,milk,,mirrors Hot Matcha
Ube coconut cloud latte,M,12oz paper cup,1,cup,,mirrors Hot Matcha
Ube coconut cloud latte,M,12oz cup lid,1,lid,,mirrors Hot Matcha
Ube coconut cloud latte,M,Napkin,1,napkin,,mirrors Hot Matcha
Ube coconut cloud latte,M,Ube powder,0.003,base,https://ube-nolia.com/blog/how-to-use-ube-powder,guide: 2–3 g per 250 ml latte; scaled by cup
Ube coconut cloud latte,M,Coconut milk (barista),0.24,milk,,volume mirrors Hot Matcha milk; coconut milk assumed as the base — confirm
Ube coconut cloud latte,M,Whipping cream,0.03,topping,,'cloud' read as whipped cream foam; estimate — confirm
Pure ube latte,XL,16oz paper cup,1,cup,,mirrors Hot Matcha
Pure ube latte,XL,16oz cup lid,1,lid,,mirrors Hot Matcha
Pure ube latte,XL,Napkin,1,napkin,,mirrors Hot Matcha
Pure ube latte,XL,Ube powder,0.004,base,https://ube-nolia.com/blog/how-to-use-ube-powder,guide: 2–3 g per 250 ml latte; scaled by cup
Pure ube latte,XL,Whole milk,0.32,milk,,mirrors Hot Matcha
Ube coconut cloud latte,XL,16oz paper cup,1,cup,,mirrors Hot Matcha
Ube coconut cloud latte,XL,16oz cup lid,1,lid,,mirrors Hot Matcha
Ube coconut cloud latte,XL,Napkin,1,napkin,,mirrors Hot Matcha
Ube coconut cloud latte,XL,Ube powder,0.004,base,https://ube-nolia.com/blog/how-to-use-ube-powder,guide: 2–3 g per 250 ml latte; scaled by cup
Ube coconut cloud latte,XL,Coconut milk (barista),0.32,milk,,volume mirrors Hot Matcha milk; coconut milk assumed as the base — confirm
Ube coconut cloud latte,XL,Whipping cream,0.04,topping,,'cloud' read as whipped cream foam; estimate — confirm
Iced ube matcha latte,M,16oz paper cup,1,cup,,mirrors Iced matcha (plain)
Iced ube matcha latte,M,16oz cup lid,1,lid,,mirrors Iced matcha (plain)
Iced ube matcha latte,M,Napkin,1,napkin,,mirrors Iced matcha (plain)
Iced ube matcha latte,M,Matcha powder,0.002,base,https://www.purematchapartners.com/blogs/matcha-powder-for-lattes-complete-barista-guide,mirrors Iced matcha (plain)
Iced ube matcha latte,M,Ube powder,0.003,base,https://ube-nolia.com/blog/how-to-use-ube-powder,guide: 2–3 g per 250 ml
Iced ube matcha latte,M,Whole milk,0.18,milk,,mirrors Iced matcha (plain); XL scaled
Iced ube coconut latte,M,16oz paper cup,1,cup,,mirrors Iced matcha (plain)
Iced ube coconut latte,M,16oz cup lid,1,lid,,mirrors Iced matcha (plain)
Iced ube coconut latte,M,Napkin,1,napkin,,mirrors Iced matcha (plain)
Iced ube coconut latte,M,Ube powder,0.003,base,https://ube-nolia.com/blog/how-to-use-ube-powder,guide: 2–3 g per 250 ml
Iced ube coconut latte,M,Coconut milk (barista),0.18,milk,,volume mirrors iced M milk; XL scaled
Iced ube matcha latte,XL,16oz paper cup,1,cup,,mirrors Iced matcha (plain); no cold cup larger than 16oz exists in ingredients — confirm the Large cup
Iced ube matcha latte,XL,16oz cup lid,1,lid,,mirrors Iced matcha (plain); no cold cup larger than 16oz exists in ingredients — confirm the Large cup
Iced ube matcha latte,XL,Napkin,1,napkin,,mirrors Iced matcha (plain)
Iced ube matcha latte,XL,Matcha powder,0.0025,base,https://www.purematchapartners.com/blogs/matcha-powder-for-lattes-complete-barista-guide,mirrors Iced matcha (plain)
Iced ube matcha latte,XL,Ube powder,0.004,base,https://ube-nolia.com/blog/how-to-use-ube-powder,guide: 2–3 g per 250 ml
Iced ube matcha latte,XL,Whole milk,0.22,milk,,mirrors Iced matcha (plain); XL scaled
Iced ube coconut latte,XL,16oz paper cup,1,cup,,mirrors Iced matcha (plain); no cold cup larger than 16oz exists in ingredients — confirm the Large cup
Iced ube coconut latte,XL,16oz cup lid,1,lid,,mirrors Iced matcha (plain); no cold cup larger than 16oz exists in ingredients — confirm the Large cup
Iced ube coconut latte,XL,Napkin,1,napkin,,mirrors Iced matcha (plain)
Iced ube coconut latte,XL,Ube powder,0.004,base,https://ube-nolia.com/blog/how-to-use-ube-powder,guide: 2–3 g per 250 ml
Iced ube coconut latte,XL,Coconut milk (barista),0.22,milk,,volume mirrors iced M milk; XL scaled
Kiwi milkshake,S,12oz paper cup,1,cup,,mirrors Banana Milkshake
Kiwi milkshake,S,12oz cup lid,1,lid,,mirrors Banana Milkshake
Kiwi milkshake,S,Napkin,1,napkin,,mirrors Banana Milkshake
Kiwi milkshake,S,Vanilla ice cream,0.06,base,,mirrors Banana Milkshake
Kiwi milkshake,S,Whole milk,0.12,milk,,mirrors Banana Milkshake
Kiwi milkshake,S,Kiwi syrup (Monin),15,flavour,,mirrors Banana Milkshake
Kiwi milkshake,M,16oz paper cup,1,cup,,mirrors Banana Milkshake
Kiwi milkshake,M,16oz cup lid,1,lid,,mirrors Banana Milkshake
Kiwi milkshake,M,Napkin,1,napkin,,mirrors Banana Milkshake
Kiwi milkshake,M,Vanilla ice cream,0.1,base,,mirrors Banana Milkshake
Kiwi milkshake,M,Whole milk,0.18,milk,,mirrors Banana Milkshake
Kiwi milkshake,M,Kiwi syrup (Monin),20,flavour,,mirrors Banana Milkshake
Mango milkshake,S,12oz paper cup,1,cup,,mirrors Banana Milkshake
Mango milkshake,S,12oz cup lid,1,lid,,mirrors Banana Milkshake
Mango milkshake,S,Napkin,1,napkin,,mirrors Banana Milkshake
Mango milkshake,S,Vanilla ice cream,0.06,base,,mirrors Banana Milkshake
Mango milkshake,S,Whole milk,0.12,milk,,mirrors Banana Milkshake
Mango milkshake,S,Mango syrup/puree (Monin),15,flavour,,mirrors Banana Milkshake
Mango milkshake,M,16oz paper cup,1,cup,,mirrors Banana Milkshake
Mango milkshake,M,16oz cup lid,1,lid,,mirrors Banana Milkshake
Mango milkshake,M,Napkin,1,napkin,,mirrors Banana Milkshake
Mango milkshake,M,Vanilla ice cream,0.1,base,,mirrors Banana Milkshake
Mango milkshake,M,Whole milk,0.18,milk,,mirrors Banana Milkshake
Mango milkshake,M,Mango syrup/puree (Monin),20,flavour,,mirrors Banana Milkshake
Strawberry blast smoothie,S,12oz paper cup,1,cup,,mirrors Passion Fruit (smoothie)
Strawberry blast smoothie,S,12oz cup lid,1,lid,,mirrors Passion Fruit (smoothie)
Strawberry blast smoothie,S,Napkin,1,napkin,,mirrors Passion Fruit (smoothie)
Strawberry blast smoothie,S,Strawberries (fresh),0.1,base,https://foolproofliving.com/strawberry-banana-yogurt-smoothie/,recipe: 275 g strawberries for 2; scaled to cup
Strawberry blast smoothie,S,Greek yogurt,0.05,base,https://foolproofliving.com/strawberry-banana-yogurt-smoothie/,recipe: ½ cup yogurt for 2; scaled
Strawberry blast smoothie,S,Whole milk,0.05,liquid,https://foolproofliving.com/strawberry-banana-yogurt-smoothie/,splash of milk to blend
Strawberry blast smoothie,S,Strawberry syrup (Monin),15,flavour,,mirrors Strawberry milkshake syrup dose
Strawberry blast smoothie,M,16oz paper cup,1,cup,,mirrors Passion Fruit (smoothie)
Strawberry blast smoothie,M,16oz cup lid,1,lid,,mirrors Passion Fruit (smoothie)
Strawberry blast smoothie,M,Napkin,1,napkin,,mirrors Passion Fruit (smoothie)
Strawberry blast smoothie,M,Strawberries (fresh),0.14,base,https://foolproofliving.com/strawberry-banana-yogurt-smoothie/,recipe: 275 g strawberries for 2; scaled to cup
Strawberry blast smoothie,M,Greek yogurt,0.07,base,https://foolproofliving.com/strawberry-banana-yogurt-smoothie/,recipe: ½ cup yogurt for 2; scaled
Strawberry blast smoothie,M,Whole milk,0.07,liquid,https://foolproofliving.com/strawberry-banana-yogurt-smoothie/,splash of milk to blend
Strawberry blast smoothie,M,Strawberry syrup (Monin),20,flavour,,mirrors Strawberry milkshake syrup dose
Toast with butter,One,Bread (toastie),0.166667,bread,,"2 slices, mirrors Ham and Cheese Toastie"
Toast with butter,One,Butter,0.01,spread,,mirrors Ham and Cheese Toastie
Avocado toast,One,Seeded brown bread,0.166667,bread,https://www.bbcgoodfoodme.com/recipes/avocado-toast/,2 slices; café's Deliveroo text: brown toast with seeds; slices/loaf mirror Bread (toastie)
Avocado toast,One,Avocado,1,topping,https://www.bbcgoodfoodme.com/recipes/avocado-toast/,"recipe: one avocado, halved and mashed, on 2 slices"
Avocado toast,One,Tomatoes (fresh),0.04,topping,,café's Deliveroo text: avocado with tomatoes; estimate — confirm
Avocado toast,One,Wild rocket,0.01,topping,,café's Deliveroo text: wild rocket; estimate
Avocado toast,One,Salad leaves,0.03,side,,board: with salad on the side; portion estimate — confirm
Granola pot,One,Vanilla yogurt,0.12,base,https://foodsmartcolorado.colostate.edu/tag/whole-grain-cereal,½ cup yogurt (≈120 g); café's Deliveroo text: vanilla yoghurt
Granola pot,One,Honey,10,sweetener,,café's Deliveroo text: some honey; estimate
Granola pot,One,Granola,0.04,topping,https://foodsmartcolorado.colostate.edu/tag/whole-grain-cereal,recipe uses 2 tbsp; café pot estimate 40 g — confirm
Granola pot,One,Strawberries (fresh),0.02,fruit,https://foodsmartcolorado.colostate.edu/tag/whole-grain-cereal,¼ cup berries (≈40 g) split across the three fruits on the café's Deliveroo text
Granola pot,One,Blueberries (fresh),0.01,fruit,https://foodsmartcolorado.colostate.edu/tag/whole-grain-cereal,¼ cup berries split three ways
Granola pot,One,Raspberries (fresh),0.01,fruit,https://foodsmartcolorado.colostate.edu/tag/whole-grain-cereal,¼ cup berries split three ways
Porridge,One,Porridge oats,0.05,base,https://www.bbcgoodfoodme.com/recipes/perfect-porridge/,50 g oats per person
Porridge,One,Whole milk,0.35,liquid,https://www.bbcgoodfoodme.com/recipes/perfect-porridge/,350 ml milk per person (board: with milk)
Porridge,One,Strawberries (fresh),0.04,fruit,,board: fresh fruit; portion estimate — confirm fruit
Chia pudding,One,Chia seeds,0.03,base,https://www.eatingbirdfood.com/basic-chia-seed-pudding/,≈3 tbsp chia per portion
Chia pudding,One,Greek yogurt,0.12,base,,"café's Deliveroo text: chia, Greek yogurt, cottage cheese, golden syrup, oats, fresh fruit; estimate"
Chia pudding,One,Cottage cheese,0.05,base,,café's Deliveroo text; estimate — confirm
Chia pudding,One,Golden syrup,10,sweetener,https://www.bbcgoodfoodme.com/recipes/chia-pudding/,recipe sweetens with 2 tsp syrup (≈10 ml); café uses golden syrup
Chia pudding,One,Porridge oats,0.015,base,,café's Deliveroo text: oats; estimate
Chia pudding,One,Strawberries (fresh),0.04,fruit,,café's Deliveroo text: fresh fruits; estimate
Cheese & vegetable omelette,One,Eggs,3,base,https://www.americastestkitchen.com/recipes/14130-omelet-with-cheddar-and-chives,3 large eggs
Cheese & vegetable omelette,One,Cheese (toastie),0.028,filling,https://www.americastestkitchen.com/recipes/14130-omelet-with-cheddar-and-chives,1 oz cheddar (≈28 g)
Cheese & vegetable omelette,One,Tomatoes (fresh),0.04,filling,,vegetables not specified on board; estimate — confirm
Cheese & vegetable omelette,One,Peppers (fresh),0.04,filling,,vegetables not specified on board; estimate — confirm
Cheese & vegetable omelette,One,Butter,0.005,fat,,mirrors Salami Roll butter
Cheese & vegetable omelette,One,Salad leaves,0.03,side,,board: with salad on the side; estimate
Bacon roll,One,Bread roll,1,bread,,mirrors Salami Roll
Bacon roll,One,Back bacon rasher,3,filling,https://deliveroo.co.uk/menu/fife-and-perthshire/dundee/the-flame-tree-cafe-dundee,Dundee café lists '3 rashers of smoked back bacon' (Simply Bacon)
Bacon roll,One,Butter,0.005,spread,,mirrors Salami Roll
Sausage roll,One,Bread roll,1,bread,,mirrors Salami Roll; assumes sausage in a roll (sits beside Bacon roll) — confirm
Sausage roll,One,Pork sausage,2,filling,,2 sausages per roll; estimate — confirm (could be square/Lorne sausage)
Sausage roll,One,Butter,0.005,spread,,mirrors Salami Roll
Chocolate waffles,One,Belgian waffle mix,0.09,base,https://www.jiffymix.com/recipe/baking-mix-belgian-waffles/,"one Belgian waffle ≈ 1 cup batter ≈ 90 g dry mix; board says 'waffles' — if two are served, double"
Maple fruity waffles,One,Belgian waffle mix,0.09,base,https://www.jiffymix.com/recipe/baking-mix-belgian-waffles/,"one Belgian waffle ≈ 1 cup batter ≈ 90 g dry mix; board says 'waffles' — if two are served, double"
Pistachio waffles,One,Belgian waffle mix,0.09,base,https://www.jiffymix.com/recipe/baking-mix-belgian-waffles/,"one Belgian waffle ≈ 1 cup batter ≈ 90 g dry mix; board says 'waffles' — if two are served, double"
Cheesy waffles,One,Belgian waffle mix,0.09,base,https://www.jiffymix.com/recipe/baking-mix-belgian-waffles/,"one Belgian waffle ≈ 1 cup batter ≈ 90 g dry mix; board says 'waffles' — if two are served, double"
Chocolate waffles,One,Vanilla ice cream,0.06,topping,,one scoop; dose mirrors Banana Milkshake S ice cream
Chocolate waffles,One,Strawberries (fresh),0.05,fruit,,board: fresh fruit; estimate — confirm
Chocolate waffles,One,Bananas (fresh),0.5,fruit,,board: fresh fruit; estimate — confirm
Maple fruity waffles,One,Vanilla ice cream,0.06,topping,,one scoop; dose mirrors Banana Milkshake S ice cream
Maple fruity waffles,One,Strawberries (fresh),0.05,fruit,,board: fresh fruit; estimate — confirm
Maple fruity waffles,One,Bananas (fresh),0.5,fruit,,board: fresh fruit; estimate — confirm
Pistachio waffles,One,Vanilla ice cream,0.06,topping,,one scoop; dose mirrors Banana Milkshake S ice cream
Pistachio waffles,One,Strawberries (fresh),0.05,fruit,,board: fresh fruit; estimate — confirm
Pistachio waffles,One,Bananas (fresh),0.5,fruit,,board: fresh fruit; estimate — confirm
Chocolate waffles,One,Dark chocolate sauce,25,sauce,,board: sauce; estimate
Maple fruity waffles,One,Maple syrup,25,sauce,,board: sauce; estimate
Pistachio waffles,One,Pistachio spread,0.03,spread,,board: pistachio spread; ~2 tbsp estimate
Pistachio waffles,One,White chocolate sauce,15,sauce,,board: sauce; estimate — confirm which sauce
Cheesy waffles,One,Cheese (toastie),0.04,filling,,mirrors Ham and Cheese Toastie cheese
Cheesy waffles,One,Salad leaves,0.04,side,,board: with salad on the side; estimate
Cheesy potato waffles,One,Potato waffle (frozen),2,base,,interpretation: two potato waffles topped with cheese — confirm
Cheesy potato waffles,One,Cheese (toastie),0.04,topping,,mirrors Ham and Cheese Toastie cheese
Cheesy potato waffles,One,Salad leaves,0.04,side,,board: with salad on the side; estimate
Croissant,One,Plain croissant,1,bread,,mirrors Ham Croissant; default filling ham & cheese
Croissant,One,Ham (sliced),0.05,filling,,mirrors Ham Croissant
Croissant,One,Cheese (toastie),0.02,filling,,mirrors Salami Croissant
Croissant,One,Butter,0.01,spread,,mirrors Ham Croissant
Fresh ciabatta,One,Ciabatta roll,1,bread,,selection varies; modelled as ham & cheese — confirm
Fresh ciabatta,One,Ham (sliced),0.05,filling,,mirrors Ham Croissant ham
Fresh ciabatta,One,Cheese (toastie),0.03,filling,,mirrors Lunch Deal panini cheese
Fresh ciabatta,One,Salad leaves,0.015,filling,,estimate
Soup of the day,One,Soup of the day (batch),0.3,base,https://bakecalcs.uk/answers/how-much-soup-per-person/,"UK portion 250–300 ml starter, 350 ml main; soup varies daily"
Caesar salad,One,Romaine lettuce,0.15,base,https://www.loveandlemons.com/caesar-salad/,recipe: 2 romaine hearts for 4; ≈150 g per portion
Caesar salad,One,Parmesan,0.02,topping,https://www.loveandlemons.com/caesar-salad/,shaved parmesan; estimate from recipe
Caesar salad,One,Croutons,0.025,topping,https://www.loveandlemons.com/caesar-salad/,estimate from recipe
Caesar salad,One,Caesar dressing,30,dressing,https://www.loveandlemons.com/caesar-salad/,≈2 tbsp per portion
Tuna salad,One,Tinned tuna,0.08,protein,,Tuna Toastie uses 0.06 KG; salad portion larger — estimate
Tuna salad,One,Salad leaves,0.06,base,,estimate — confirm
Tuna salad,One,Tomatoes (fresh),0.05,base,,estimate — confirm
Tuna salad,One,Cucumber,0.05,base,,estimate — confirm
Tiramisu blondie,One,Tiramisu cake (slice),1,cake,https://www.cakesmiths.com/products/tiramisu-blondie,Cakesmiths Tiramisu Blondie is £1.35/portion — matches the unused 'Tiramisu cake (slice)' INVOICE cost of 135p; mirrors other cake items
