ingredient,supplier,product_name,sku,pack_size,pack_unit,price_pence,vat_included,product_url,fetched_on,note
Whole milk,Brakes,Wholesome Farms Fresh British Whole Milk 6 x 2.27L,70325,13.62,L,1565,false,https://www.brake.co.uk/dairy/milk/fresh/bulk-whole/wholesome-farms-fresh-british-whole-milk/p/70325,2026-09-28,Brakes price ex-VAT (avg customer discount); milk zero-rated
Whole milk,Brakes,Cravendale Whole Milk 2L,71155,2,L,326,false,https://www.brake.co.uk/dairy/milk/fresh/bulk-whole/cravendale-whole-milk-2l/p/71155,2026-09-28,"Brakes price ex-VAT (avg customer discount); filtered, 28 days unopened / 7 opened"
Whole milk,Tesco,"Tesco British Whole Milk 2.272L, 4 Pints",254656399,2.272,L,165,true,https://www.tesco.com/groceries/en-GB/products/254656399,2026-09-28,price via trolley.co.uk https://www.trolley.co.uk/product/tesco-whole-milk/EMW103
Semi-skimmed milk,Brakes,Sysco Classic Fresh British Semi Skimmed Milk 2L,72051,2,L,364,false,https://www.brake.co.uk/dairy/milk/fresh/bulk-semi-skimmed/brakes-fresh-semi-skimmed-milk/p/72051,2026-09-28,Brakes price ex-VAT (avg customer discount); case of 6
Semi-skimmed milk,Tesco,"Tesco British Semi Skimmed Milk 2.272L, 4 Pints",254656543,2.272,L,165,true,https://www.tesco.com/groceries/en-GB/products/254656543,2026-09-28,price via trolley.co.uk https://www.trolley.co.uk/product/tesco-british-semi-skimmed-milk/DDK423
Whipping cream,Tesco,Tesco British Whipping Cream 300ml,262478920,0.3,L,170,true,https://www.tesco.com/groceries/en-GB/products/262478920,2026-09-28,price via trolley.co.uk https://www.trolley.co.uk/product/tesco-fresh-whipping-cream/IJX182
Whipping cream,Brakes,Lakeland Dairies Real Dairy Whipping Cream 1L (UHT),346,1,L,554,false,https://www.brake.co.uk/dairy/cream/uht/lakeland-dairies-real-dairy-whipping-cream/p/346,2026-09-28,"Brakes price ex-VAT (avg customer discount); UHT ambient until opened, 3 days once opened"
Oat milk (barista),Tesco,Oatly Barista Edition Oat Drink Long Life 1L,292990463,1,L,220,true,https://www.tesco.com/groceries/en-GB/products/292990463,2026-09-28,price via trolley.co.uk https://www.trolley.co.uk/product/oatly-oat-drink-barista-edition-long-life/CSU046 (Clubcard 150p)
Oat milk (barista),Brakes,Oatly Barista Edition Oat Drink 6 x 1.5L,151288,9,L,1778,false,https://www.brake.co.uk/dairy/milk/uht/milk-alternatives/oatly-barista-edition-oat-drink/p/151288,2026-09-28,Brakes price ex-VAT (avg customer discount)
Oat milk (barista),Amazon,OATLY! Oat Drink Barista Edition 1L x 6,B0BNFH1THD,6,L,1752,true,https://www.amazon.co.uk/dp/B0BNFH1THD,2026-09-28,price from search snippet
Almond milk (barista),Tesco,Alpro Barista Almond Long Life Dairy Free Drink 1L,304783080,1,L,235,true,https://www.tesco.com/groceries/en-GB/products/304783080,2026-09-28,price via trolley.co.uk https://www.trolley.co.uk/product/alpro-barista-almond/JFZ061
Almond milk (barista),Amazon,Alpro Barista Almond Drink 1L (Pack of 8),B092QPRLDY,8,L,1064,true,https://www.amazon.co.uk/dp/B092QPRLDY,2026-09-28,"price from search snippet, flagged as a deal price; RRP 1840p"
Soy milk (barista),Brakes,Alpro For Professionals Soya Long Life Drink 1L,113654,1,L,182,false,https://www.brake.co.uk/dairy/milk/uht/milk-alternatives/alpro-for-professionals-soya-long-life-drink-1l/p/113654,2026-09-28,Brakes price ex-VAT (avg customer discount); case of 12
Soy milk (barista),Tesco,Alpro Barista Soya 1 Litre,304796139,1,L,235,true,https://www.tesco.com/groceries/en-GB/products/304796139,2026-09-28,price from search snippet (Clubcard 150p)
Coconut milk (barista),Brakes,Alpro Barista Foamable Coconut Long Life Drink 1L,113655,1,L,212,false,https://www.brake.co.uk/dairy/milk/uht/milk-alternatives/alpro-barista-foamable-coconut-plant-based-long-life-drink-vegan-dairy-free-1l/p/113655,2026-09-28,Brakes price ex-VAT (avg customer discount); case of 12
Coconut milk (barista),Tesco,Alpro Barista Coconut Long Life Dairy Free Drink 1L,307741868,1,L,235,true,https://www.tesco.com/groceries/en-GB/products/307741868,2026-09-28,price via trolley.co.uk https://www.trolley.co.uk/product/alpro-barista-coconut-long-life-drink/BHX449
Coffee beans (house blend),Brakes,Citavo Classic Espresso Coffee Beans 1kg,151281,1,KG,1337,false,https://www.brake.co.uk/drinks-snacks/hot-beverages/coffee/whole-beans/classic-espresso-coffee-beans-1kg/p/151281,2026-09-28,Brakes price ex-VAT (avg customer discount); zero-rated
Coffee beans (house blend),Tesco,Lavazza Qualita Rossa Coffee Beans 1Kg,261258831,1,KG,2250,true,https://www.tesco.com/groceries/en-GB/products/261258831,2026-09-28,price from search snippet (Clubcard 1800p)
Coffee beans (house blend),Amazon,Lavazza Crema e Aroma Coffee Beans 1kg,B000FWHWGS,1,KG,1940,true,https://www.amazon.co.uk/dp/B000FWHWGS,2026-09-28,price via pricespy https://pricespy.co.uk/product.php?p=377370
Coffee beans (decaf),Brakes,Beyers Decaffeinated Coffee Beans 1kg,116340,1,KG,1504,false,https://www.brake.co.uk/drinks-snacks/hot-beverages/coffee/whole-beans/beyers-decaffeinated-coffee-beans/p/116340,2026-09-28,Brakes price ex-VAT (avg customer discount)
Coffee beans (decaf),Brakes,Grind House Decaf Whole Bean Coffee 1kg,5006850,1,KG,2674,false,https://www.brake.co.uk/drinks-snacks/hot-beverages/coffee/whole-beans/grind-house-decaf-whole-bean-coffee-1kg/p/5006850,2026-09-28,Brakes price ex-VAT (avg customer discount); may be out of stock
Decaf coffee pod,Tesco,L'OR Espresso Ristretto Decaf Coffee Pods x10,299623721,10,EACH,425,true,https://www.tesco.com/groceries/en-GB/products/299623721,2026-09-28,price via trolley.co.uk https://www.trolley.co.uk/product/lor-ristretto-decaf-coffee-pods-intensity-9/KWL307 (3 for 2 offer)
Chocolate powder,Brakes,Citavo Classic Drinking Chocolate 1kg,107475,1,KG,1154,false,https://www.brake.co.uk/drinks-snacks/hot-beverages/chocolate-beef-extract/add-milk/citavo-classic-drinking-chocolate/p/107475,2026-09-28,Brakes price ex-VAT (avg customer discount)
Chocolate powder,Tesco,Cadbury Drinking Hot Chocolate 500g,254890316,0.5,KG,455,true,https://www.tesco.com/groceries/en-GB/products/254890316,2026-09-28,price via trolley.co.uk https://www.trolley.co.uk/product/cadbury-drinking-hot-chocolate/OAQ933 (Clubcard 370p)
Dark chocolate sauce,Brakes,Sysco Classic Chocolate Sauce 1L,2379,1000,ML,782,false,https://www.brake.co.uk/dry-store/dry-store-desserts/custard-sauces/dessert-sauces/brakes-chocolate-sauce/p/2379,2026-09-28,Brakes price ex-VAT (avg customer discount); NOT Monin - contains milk and soya
White chocolate sauce,Amazon,Monin White Chocolate Sauce 500ml Case of 6,B01L1116CC,3000,ML,4131,true,https://www.amazon.co.uk/dp/B01L1116CC,2026-09-28,price from search snippet
Matcha powder,Brakes,PerfectTed Matcha Powder 250g,5001253,0.25,KG,4263,false,https://www.brake.co.uk/drinks-snacks/hot-beverages/tea/catering/perfectted-matcha-powder-250g/p/5001253,2026-09-28,Brakes price ex-VAT (avg customer discount)
Matcha powder,Tesco,Perfect Ted Organic Matcha Green Tea 30g,314097208,0.03,KG,995,true,https://www.tesco.com/groceries/en-GB/products/314097208,2026-09-28,price from search snippet (Clubcard 800p)
Tapioca pearls,Amazon,WaNaHong Black Tapioca Pearl 1KG for Bubble Tea Boba,B0BW7B9GFB,1,KG,639,true,https://www.amazon.co.uk/dp/B0BW7B9GFB,2026-09-28,price from search snippet
Tapioca pearls,Amazon,WaNaHong Black Tapioca Pearl Boba 1KG (Case of 14 Packs),B0BVZL1PXL,14,KG,6599,true,https://www.amazon.co.uk/dp/B0BVZL1PXL,2026-09-28,price from search snippet; no Tesco/Brakes listing found
Tonic water,Brakes,Fever-Tree Premium Indian Tonic Water 24 x 200ml,130518,4.8,L,1869,false,https://www.brake.co.uk/drinks-snacks/cold-beverages/carbonates/mixers/fever-tree-premium-indian-tonic-water-24-x-200ml/p/130518,2026-09-28,"Brakes price ex-VAT (avg customer discount); standard-rated, add VAT"
Tonic water,Tesco,Tesco Indian Tonic Water 1 Litre,tesco-indian-tonic-water,1,L,49,true,https://www.tesco.com/groceries/en-GB/search?query=tesco%20indian%20tonic%20water,2026-09-28,Tesco product id not found; price via trolley.co.uk https://www.trolley.co.uk/product/tesco-indian-tonic-water/TWG374
Coconut water,Brakes,Vita Coco The Original Coconut Water 12 x 1L,591718,12,L,2940,false,https://www.brake.co.uk/drinks-snacks/cold-beverages/water/enhanced/vita-coco-the-original-coconut-water/p/591718,2026-09-28,Brakes price ex-VAT (avg customer discount)
Coconut water,Tesco,Vita Coco Original Coconut Water 1 Litre,268094074,1,L,400,true,https://www.tesco.com/groceries/en-GB/products/268094074,2026-09-28,price via trolley.co.uk https://www.trolley.co.uk/product/vita-coco-natural-coconut-water/UBP547 (Clubcard 300p)
Vanilla ice cream,Brakes,Kelly's of Cornwall Cornish Dairy Vanilla Ice Cream 4.5L,114639,4.5,L,2332,false,https://www.brake.co.uk/desserts/ice-cream-gelato-sorbet/ice-cream/scooping/kelly-s-of-cornwall-cornish-dairy-vanilla-ice-cream-4-5-litres/p/114639,2026-09-28,Brakes price ex-VAT (avg customer discount); frozen
Vanilla ice cream,Brakes,Brakes White Vanilla Flavour Ice Cream Soft Scoop 4L,261,4,L,539,false,https://www.brake.co.uk/desserts/ice-cream-gelato-sorbet/ice-cream/scooping/brakes-white-vanilla-flavour-ice-cream-soft-scoop/p/261,2026-09-28,"Brakes price ex-VAT (avg customer discount); price from search snippet, page did not render"
Loose-leaf tea (black),Tesco,Tesco Loose Leaf Original Tea 250g,254887252,0.25,KG,175,true,https://www.tesco.com/groceries/en-GB/products/254887252,2026-09-28,price via trolley.co.uk https://www.trolley.co.uk/product/tesco-loose-leaf-original-tea/VAO129
Tea bag (standard),Brakes,PG Tips Original 1100 One Cup Catering Black Tea Bags,5733,1100,EACH,1999,false,https://www.brake.co.uk/drinks-snacks/hot-beverages/tea/catering/pg-tips-original-1100-one-cup-catering-black-tea-bags/p/5733,2026-09-28,Brakes price ex-VAT (avg customer discount)
Tea bag (standard),Brakes,Yorkshire Tea Teabags 2 x 1040,27546,2080,EACH,6984,false,https://www.brake.co.uk/drinks-snacks/hot-beverages/tea/catering/yorkshire-tea-teabags/p/27546,2026-09-28,Brakes price ex-VAT (avg customer discount)
Apple syrup (Monin),Amazon,MONIN Premium Green Apple Syrup 700ml,B0049DHBHY,700,ML,799,true,https://www.amazon.co.uk/dp/B0049DHBHY,2026-09-28,Amazon.co.uk product page price on fetch date
Banana syrup (Monin),Amazon,MONIN Premium Yellow Banana Syrup 1L,B004FN6TS0,1000,ML,1499,true,https://www.amazon.co.uk/dp/B004FN6TS0,2026-09-28,Amazon.co.uk product page price on fetch date
Caramel syrup (Monin),Brakes,MONIN Premium Caramel Syrup 1tr,148639,1000,ML,1177,false,https://www.brake.co.uk/dry-store/sugar-sweeteners/other-sugar/other-sugar/monin-premium-caramel-syrup-1tr/p/148639,2026-09-28,Brakes ex-VAT price via brake.co.uk; case of 6
Caramel syrup (Monin),Amazon,MONIN Premium Caramel Syrup 700ml,B0026LLG7W,700,ML,845,true,https://www.amazon.co.uk/dp/B0026LLG7W,2026-09-28,Amazon.co.uk product page price on fetch date
Cinnamon bun syrup (Monin),Brakes,MONIN Premium Cinnamon Roll Syrup 1ltr,189141,1000,ML,949,false,https://www.brake.co.uk/drinks-snacks/cold-beverages/milkshakes-protein-shakes/syrup/monin-premium-cinnamon-roll-syrup-1ltr/p/189141,2026-09-28,Brakes ex-VAT price via brake.co.uk; Cinnamon Roll = UK name
Cinnamon bun syrup (Monin),Amazon,MONIN Premium Cinnamon Roll Syrup 1L,B0CVHJVJZ1,1000,ML,1100,true,https://www.amazon.co.uk/dp/B0CVHJVJZ1,2026-09-28,Amazon.co.uk product page price on fetch date
Citrus / lime syrup (Monin),Amazon,Monin Lime Syrup 70cl Bottle,B00K31BIFW,700,ML,969,true,https://www.amazon.co.uk/dp/B00K31BIFW,2026-09-28,Amazon.co.uk product page price on fetch date
Coconut syrup (Monin),Amazon,MONIN Premium Coconut Syrup 700ml,B000EGEWEK,700,ML,799,true,https://www.amazon.co.uk/dp/B000EGEWEK,2026-09-28,Amazon.co.uk product page price on fetch date
Lavender syrup (Monin),Amazon,Monin Lavender Syrup 70cl Bottle,B005Q8GIKM,700,ML,1248,true,https://www.amazon.co.uk/dp/B005Q8GIKM,2026-09-28,Amazon.co.uk product page price on fetch date
Lemon syrup (Monin),Amazon,MONIN Premium Glasco Lemon Syrup 700ml,B0049DH8JA,700,ML,1152,true,https://www.amazon.co.uk/dp/B0049DH8JA,2026-09-28,Amazon.co.uk product page price on fetch date
Mango syrup/puree (Monin),Amazon,MONIN Premium Mango Syrup 700ml,B002YP5E64,700,ML,799,true,https://www.amazon.co.uk/dp/B002YP5E64,2026-09-28,Amazon.co.uk product page price on fetch date
Mint syrup (Monin),Amazon,MONIN Premium Syrup - Green Mint - 700ml,B0026LWDM4,700,ML,799,true,https://www.amazon.co.uk/dp/B0026LWDM4,2026-09-28,Amazon.co.uk product page price on fetch date
Orange syrup (Monin),Amazon,MONIN Premium Orange Syrup 700ml,B004FN0MQA,700,ML,1243,true,https://www.amazon.co.uk/dp/B004FN0MQA,2026-09-28,Amazon.co.uk product page price on fetch date
Peach syrup (Monin),Amazon,MONIN Premium White Peach Syrup 700 Ml,B077ZG55VH,700,ML,1387,true,https://www.amazon.co.uk/dp/B077ZG55VH,2026-09-28,Amazon.co.uk product page price on fetch date
Pistachio syrup (Monin),Amazon,MONIN Premium Pistachio Syrup 700ml,B003WJGG1S,700,ML,799,true,https://www.amazon.co.uk/dp/B003WJGG1S,2026-09-28,Amazon.co.uk product page price on fetch date
Pumpkin spice syrup (Monin),Amazon,MONIN Premium Pumpkin Spice Syrup 700ml,B016FQNAGI,700,ML,882,true,https://www.amazon.co.uk/dp/B016FQNAGI,2026-09-28,Amazon.co.uk product page price on fetch date
Raspberry syrup (Monin),Amazon,MONIN Premium Raspberry Syrup 700ml,B0049DKRD4,700,ML,799,true,https://www.amazon.co.uk/dp/B0049DKRD4,2026-09-28,Amazon.co.uk product page price on fetch date
Rose syrup (Monin),Amazon,MONIN Premium Rose Syrup 700ml,B0049DO7CQ,700,ML,799,true,https://www.amazon.co.uk/dp/B0049DO7CQ,2026-09-28,Amazon.co.uk product page price on fetch date
Salted caramel syrup (Monin),Brakes,MONIN Premium Salted Caramel Syrup 1ltr,529476,1000,ML,926,false,https://www.brake.co.uk/drinks-snacks/cold-beverages/milkshakes-protein-shakes/syrup/monin-premium-salted-caramel-syrup-1ltr/p/529476,2026-09-28,Brakes ex-VAT price via brake.co.uk; case of 6
Salted caramel syrup (Monin),Amazon,MONIN Premium Salted Caramel Syrup 1L,B08RC2HY2S,1000,ML,1149,true,https://www.amazon.co.uk/dp/B08RC2HY2S,2026-09-28,Amazon.co.uk product page price on fetch date
Strawberry syrup (Monin),Amazon,MONIN Premium Strawberry Syrup 1L,B004FN8QM2,1000,ML,999,true,https://www.amazon.co.uk/dp/B004FN8QM2,2026-09-28,Amazon.co.uk product page price on fetch date
Toffee nut syrup (Monin),Amazon,MONIN Premium Toffee Nut Syrup 700ml,B0046HQ2B4,700,ML,845,true,https://www.amazon.co.uk/dp/B0046HQ2B4,2026-09-28,Amazon.co.uk product page price on fetch date
Toffee nut syrup (Monin),Amazon,Monin Toffee Nut Syrup 70cl Case of 6,B08BPBRPXM,4200,ML,5999,true,https://www.amazon.co.uk/dp/B08BPBRPXM,2026-09-28,Amazon.co.uk product page price on fetch date
Vanilla syrup (Monin),Brakes,MONIN Premium Vanilla Syrup 1ltr,148641,1000,ML,987,false,https://www.brake.co.uk/dry-store/sugar-sweeteners/other-sugar/other-sugar/monin-premium-vanilla-syrup-1ltr/p/148641,2026-09-28,Brakes ex-VAT price via brake.co.uk; case of 6
Vanilla syrup (Monin),Amazon,MONIN Premium Vanilla Syrup 700ml,B001HM3FFM,700,ML,826,true,https://www.amazon.co.uk/dp/B001HM3FFM,2026-09-28,Amazon.co.uk product page price on fetch date
Vanilla syrup (Monin),Amazon,Monin Premium Vanilla Syrup 1L,B004FNDMT4,1000,ML,1169,true,https://www.amazon.co.uk/dp/B004FNDMT4,2026-09-28,Amazon.co.uk product page price on fetch date
Chai concentrate,Brakes,MONIN Premium Chai Tea concentrate 1ltr,5007075,1000,ML,926,false,https://www.brake.co.uk/dry-store/sugar-sweeteners/other-sugar/other-sugar/monin-premium-chai-tea-concentrate-1ltr/p/5007075,2026-09-28,Brakes ex-VAT price via brake.co.uk; listed unit price £8.42/ltr differs from pack price £9.26 — possible promo
Chai concentrate,Amazon,MONIN Premium Chai Tea Concentrate 700ml,B0049DMIBS,700,ML,799,true,https://www.amazon.co.uk/dp/B0049DMIBS,2026-09-28,Amazon.co.uk product page price on fetch date
Honey,Brakes,House Recipe Clear Blossom Honey,350157,478.9,ML,432,false,https://www.brake.co.uk/dry-store/jam-honey-spread/honey-other-spreads/honey-other-spreads/house-recipe-clear-blossom-honey/p/350157,2026-09-28,"Brakes ex-VAT price via brake.co.uk; sold by weight: 680 G, not converted to ML (honey ~1.4 g/ml); zero-rated; sold as 680g, converted to 478.9 ML at 1.42 kg/L (honey density 1.38-1.45 kg/L at 20C, https://en.wikipedia.org/wiki/Honey)"
Honey,Tesco,Tesco Clear Honey 454G,254850860,319.7,ML,175,true,https://www.tesco.com/groceries/en-GB/products/254850860,2026-09-28,"price via trolley.co.uk https://www.trolley.co.uk/product/tesco-clear-honey/SRX754; sold by weight; zero-rated; sold as 454g, converted to 319.7 ML at 1.42 kg/L (honey density 1.38-1.45 kg/L at 20C, https://en.wikipedia.org/wiki/Honey)"
Hazelnut syrup (Monin),Brakes,MONIN Premium Hazelnut Syrup 1ltr,148637,1000,ML,995,false,https://www.brake.co.uk/dry-store/sugar-sweeteners/other-sugar/other-sugar/monin-premium-hazelnut-syrup-1ltr/p/148637,2026-09-28,Brakes ex-VAT price via brake.co.uk; case of 6
Hazelnut syrup (Monin),Amazon,MONIN Premium Roasted Hazelnut Syrup 700ml,B00DC4IO40,700,ML,799,true,https://www.amazon.co.uk/dp/B00DC4IO40,2026-09-28,Amazon.co.uk product page price on fetch date; ROASTED hazelnut - a different Monin flavour from plain Hazelnut
Sugar-free caramel syrup (Monin),Brakes,MONIN Premium Caramel Sugar Free Syrup 1ltr,148636,1000,ML,1086,false,https://www.brake.co.uk/dry-store/sugar-sweeteners/other-sugar/other-sugar/monin-premium-caramel-sugar-free-syrup-1ltr/p/148636,2026-09-28,Brakes ex-VAT price via brake.co.uk; case of 6
Sugar-free caramel syrup (Monin),Amazon,Monin Caramel Sugar Free Syrup - 4x1ltr,B08BPB2JKJ,4000,ML,3999,true,https://www.amazon.co.uk/dp/B08BPB2JKJ,2026-09-28,Amazon.co.uk product page price on fetch date
Sugar-free vanilla syrup (Monin),Brakes,MONIN Premium Vanilla Sugar Free Syrup 1ltr,148635,1000,ML,1086,false,https://www.brake.co.uk/dry-store/sugar-sweeteners/other-sugar/other-sugar/monin-premium-vanilla-sugar-free-syrup-1ltr/p/148635,2026-09-28,Brakes ex-VAT price via brake.co.uk; case of 6
Sugar-free vanilla syrup (Monin),Amazon,Monin Premium Vanilla Sugar Free Syrup 1L,B005KLWD3G,1000,ML,1155,true,https://www.amazon.co.uk/dp/B005KLWD3G,2026-09-28,Amazon.co.uk product page price on fetch date
4oz / small cup,Cups Direct,AQ Lined Recyclable White Single Wall Coffee Cup 4oz,CD7761,500,EACH,1745,false,https://cupsdirect.co.uk/products/recyclable-bio-single-wall-paper-coffee-hot-cup-range,2026-09-28,cupsdirect.co.uk price ex VAT (+20%); case pack from product tech table
4oz / small cup,Brakes,Vegware Single Wall White Hot Cups - 4oz,85330,1000,EACH,7394,false,https://www.brake.co.uk/catering-supplies/food-packaging-disposables/disposables/hot-cups-lids/vegware-single-wall-white-hot-cups-4oz/p/85330,2026-09-28,Brakes ex-VAT price via brake.co.uk; +VAT
8oz paper cup,Cups Direct,AQ Lined Recyclable White Single Wall Coffee Cup 8oz,CD7763,500,EACH,2445,false,https://cupsdirect.co.uk/products/recyclable-bio-single-wall-paper-coffee-hot-cup-range,2026-09-28,cupsdirect.co.uk price ex VAT (+20%); case pack from product tech table
8oz paper cup,Brakes,Edenware Single Wall White Hot Cups - 8oz,135549,1000,EACH,8283,false,https://www.brake.co.uk/catering-supplies/food-packaging-disposables/disposables/hot-cups-lids/edenware-single-wall-white-hot-cups-8oz/p/135549,2026-09-28,Brakes ex-VAT price via brake.co.uk; +VAT
12oz paper cup,Cups Direct,AQ Lined Recyclable White Single Wall Coffee Cup 12oz,CD7764,500,EACH,2795,false,https://cupsdirect.co.uk/products/recyclable-bio-single-wall-paper-coffee-hot-cup-range,2026-09-28,cupsdirect.co.uk price ex VAT (+20%); case pack from product tech table
12oz paper cup,Brakes,Huhtamaki Speciality Single Wall Hot Cups - 12oz,132754,1000,EACH,7750,false,https://www.brake.co.uk/catering-supplies/food-packaging-disposables/disposables/hot-cups-lids/huhtamaki-speciality-single-wall-hot-cups-12oz/p/132754,2026-09-28,Brakes ex-VAT price via brake.co.uk; +VAT
16oz paper cup,Cups Direct,AQ Lined Recyclable White Single Wall Coffee Cup 16oz,CD7765,500,EACH,2995,false,https://cupsdirect.co.uk/products/recyclable-bio-single-wall-paper-coffee-hot-cup-range,2026-09-28,cupsdirect.co.uk price ex VAT (+20%); case pack from product tech table
16oz paper cup,Brakes,Sysco Earth Plus 16oz Single Wall Hot Cup,151892,1000,EACH,8739,false,https://www.brake.co.uk/catering-supplies/food-packaging-disposables/disposables/hot-cups-lids/sysco-earth-plus-16oz-single-wall-hot-cup/p/151892,2026-09-28,Brakes ex-VAT price via brake.co.uk; +VAT; 20 x 50
8oz cup lid,Cups Direct,UniLid Hot Cup Sip Lid 8oz White (80mm),CDSIP80WHT,1000,EACH,2145,false,https://cupsdirect.co.uk/products/universal-fit-travel-lid-for-paper-hot-cups-unilid-sip-lid-range,2026-09-28,cupsdirect.co.uk price ex VAT (+20%); case pack from product tech table
8oz cup lid,Brakes,4Aces Sip-through Hot Cup Lids - 8oz,110614,1000,EACH,3168,false,https://www.brake.co.uk/catering-supplies/food-packaging-disposables/disposables/hot-cups-lids/4aces-sip-through-hot-cup-lids-8oz/p/110614,2026-09-28,Brakes ex-VAT price via brake.co.uk; +VAT
12oz cup lid,Cups Direct,UniLid Hot Cup Sip Lid 12-16oz White (90mm),CDSIP90WHT,1000,EACH,2395,false,https://cupsdirect.co.uk/products/universal-fit-travel-lid-for-paper-hot-cups-unilid-sip-lid-range,2026-09-28,cupsdirect.co.uk price ex VAT (+20%); case pack from product tech table
12oz cup lid,Brakes,Huhtamaki Sip-through Hot Cup Lids - 12oz/16oz,21645,1000,EACH,3699,false,https://www.brake.co.uk/catering-supplies/food-packaging-disposables/disposables/hot-cups-lids/huhtamaki-sip-through-hot-cup-lids-12oz-16oz/p/21645,2026-09-28,Brakes ex-VAT price via brake.co.uk; +VAT; fits 12oz and 16oz
16oz cup lid,Cups Direct,UniLid Hot Cup Sip Lid 12-16oz White (90mm),CDSIP90WHT,1000,EACH,2395,false,https://cupsdirect.co.uk/products/universal-fit-travel-lid-for-paper-hot-cups-unilid-sip-lid-range,2026-09-28,cupsdirect.co.uk price ex VAT (+20%); case pack from product tech table; same SKU as 12oz lid
16oz cup lid,Brakes,Huhtamaki Sip-through Hot Cup Lids - 12oz/16oz,21645,1000,EACH,3699,false,https://www.brake.co.uk/catering-supplies/food-packaging-disposables/disposables/hot-cups-lids/huhtamaki-sip-through-hot-cup-lids-12oz-16oz/p/21645,2026-09-28,Brakes ex-VAT price via brake.co.uk; +VAT; same product as 12oz lid
Takeaway bag,Cups Direct,Brown Paper Bags - SOS Handle Medium,CD8423,250,EACH,1695,false,https://cupsdirect.co.uk/products/sos-brown-bag-range,2026-09-28,cupsdirect.co.uk price ex VAT (+20%); case pack from product tech table
Takeaway bag,Brakes,White Patch Handle Carrier Bags,117864,100,EACH,615,false,https://www.brake.co.uk/catering-supplies/food-packaging-disposables/disposables/miscellaneous/white-patch-handle-carrier-bags/p/117864,2026-09-28,Brakes ex-VAT price via brake.co.uk; +VAT
Bubble tea straw (wide),Cups Direct,12mm Paper Boba Straws White,CD3759,2000,EACH,3095,false,https://cupsdirect.co.uk/products/12mm-paper-boba-straws-white,2026-09-28,cupsdirect.co.uk price ex VAT (+20%); case pack from product tech table
Bubble tea straw (wide),Brakes,Bubble Tea Paper Straw 12mm Green,5010599,1200,EACH,8618,false,https://www.brake.co.uk/catering-supplies/bar/bar-service/straws-stirrers/bubble-tea-paper-straw-12mm-green/p/5010599,2026-09-28,Brakes ex-VAT price via brake.co.uk; +VAT; 12 x 100
Napkin,Cups Direct,White Napkin 33cm,CD8807,2000,EACH,2695,false,https://cupsdirect.co.uk/products/white-napkin-serviette-range,2026-09-28,cupsdirect.co.uk price ex VAT (+20%); case pack from product tech table
Napkin,Brakes,"White Napkins, 2 Ply, 33cm",84811,2000,EACH,5190,false,https://www.brake.co.uk/catering-supplies/napkins-tablecovers/napkins/33cm-napkins/white-napkins-2-ply-33cm/p/84811,2026-09-28,Brakes ex-VAT price via brake.co.uk; +VAT
Wooden stirrer,Cups Direct,Wooden Drink Stirrers 7inch Packet 1000,CD1006-1K,1000,EACH,645,false,https://cupsdirect.co.uk/products/5-5inch-wooden-stirrers,2026-09-28,cupsdirect.co.uk price ex VAT (+20%); case pack from product tech table
Wooden stirrer,Brakes,eGreen Wooden Coffee Sticks 190mm,86418,1000,EACH,729,false,https://www.brake.co.uk/catering-supplies/food-packaging-disposables/disposables/wooden-cutlery/egreen-wooden-coffee-sticks-190mm/p/86418,2026-09-28,Brakes ex-VAT price via brake.co.uk; +VAT
Clear cold cup 16oz,Cups Direct,Diamond PET Smoothie Cup 16oz,DC16,1000,EACH,5095,false,https://cupsdirect.co.uk/products/diamond-plastic-smoothie-cup-range-pet-juice-cups-with-lids,2026-09-28,cupsdirect.co.uk price ex VAT (+20%); case pack from product tech table; 98mm rim; lids sold separately
Clear cold cup 16oz,Brakes,Go-Pak rPet Clear Cold Cups - 16oz,124862,1000,EACH,8952,false,https://www.brake.co.uk/catering-supplies/food-packaging-disposables/disposables/cold-cups-lids/go-pak-rpet-clear-cold-cups-16oz/p/124862,2026-09-28,Brakes ex-VAT price via brake.co.uk; +VAT
Cold cup dome lid 16oz,Cups Direct,Diamond Smoothie Cup Lid - Original Dome,DC675,1000,EACH,2595,false,https://cupsdirect.co.uk/products/diamond-smoothie-cup-lid-range,2026-09-28,cupsdirect.co.uk price ex VAT (+20%); case pack from product tech table; fits DC16
Cold cup dome lid 16oz,Brakes,Go-Pak rPET Domed Cold Cup Lids with Hole - 12oz to 24oz,591173,1000,EACH,4103,false,https://www.brake.co.uk/catering-supplies/food-packaging-disposables/disposables/cold-cups-lids/go-pak-rpet-domed-cold-cup-lids-with-hole-12oz-to-24oz/p/591173,2026-09-28,Brakes ex-VAT price via brake.co.uk; +VAT; fits Go-Pak 12-24oz cups
Paper straw,Cups Direct,6mm Paper Drinking Straw Black (2000),CD3751,2000,EACH,1695,false,https://cupsdirect.co.uk/products/paper-drinking-straw-range-recyclable-and-compostable,2026-09-28,cupsdirect.co.uk price ex VAT (+20%); case pack from product tech table
Paper straw,Brakes,eGreen White Paper Straw 200mm x6mmm,125283,250,EACH,387,false,https://www.brake.co.uk/catering-supplies/bar/bar-service/straws-stirrers/egreen-white-paper-straw-200mm-x6mmm/p/125283,2026-09-28,Brakes ex-VAT price via brake.co.uk; +VAT
Cup sleeve,Cups Direct,Paper Cup Clutch Sleeve Kraft 90mm,CD8011,1000,EACH,2595,false,https://cupsdirect.co.uk/products/hot-cup-sleeves-large-unprinted-clutch,2026-09-28,cupsdirect.co.uk price ex VAT (+20%); case pack from product tech table; 90mm fits 12/16oz
Cup sleeve,Brakes,12/16oz Cup Sleeve Kraft,122988,1000,EACH,3146,false,https://www.brake.co.uk/catering-supplies/food-packaging-disposables/disposables/hot-cups-lids/12-16oz-cup-sleeve-kraft/p/122988,2026-09-28,Brakes ex-VAT price via brake.co.uk; +VAT; 12/16oz
Marshmallow,Brakes,Brakes Mini White Marshmallows,136228,0.35,KG,600,false,https://www.brake.co.uk/drinks-snacks/snacks-confectionery/confectionery/ingredients/brakes-mini-white-marshmallows/p/136228,2026-09-28,Brakes ex-VAT price via brake.co.uk; +VAT (confectionery)
Marshmallow,Tesco,Tesco White Mini Marshmallows 100G,304381175,0.1,KG,110,true,https://www.tesco.com/groceries/en-GB/products/304381175,2026-09-28,price via trolley.co.uk https://www.trolley.co.uk/product/tesco-white-mini-marshmallows/ZYW800
Sugar sachet,Cups Direct,Sugar Stick White,CD3510,1000,EACH,1095,false,https://cupsdirect.co.uk/products/brown-white-sugar-sticks-range,2026-09-28,cupsdirect.co.uk price ex VAT (+20%); case pack from product tech table
Sugar sachet,Brakes,Tate & Lyle Fairtrade White Sugar Sticks 2.5kg,24761,1000,EACH,1428,false,https://www.brake.co.uk/dry-store/sugar-sweeteners/individual-portions/sugar-sticks-sachets/tate-lyle-fairtrade-white-sugar-sticks-2-5kg/p/24761,2026-09-28,Brakes ex-VAT price via brake.co.uk; Tate & Lyle; zero-rated
Sugar sachet,Brakes,Brakes White Sugar Sachets,33720,1000,EACH,980,false,https://www.brake.co.uk/dry-store/sugar-sweeteners/individual-portions/sugar-sticks-sachets/brakes-white-sugar-sachets/p/33720,2026-09-28,Brakes ex-VAT price via brake.co.uk; own brand; zero-rated
Brown sugar sachet,Cups Direct,Sugar Stick Brown,CD3511,1000,EACH,1295,false,https://cupsdirect.co.uk/products/brown-white-sugar-sticks-range,2026-09-28,cupsdirect.co.uk price ex VAT (+20%); case pack from product tech table
Brown sugar sachet,Brakes,Brakes Demerara Sugar Sachets,33719,1000,EACH,995,false,https://www.brake.co.uk/dry-store/sugar-sweeteners/individual-portions/sugar-sticks-sachets/brakes-demerara-sugar-sachets/p/33719,2026-09-28,Brakes ex-VAT price via brake.co.uk; demerara; zero-rated
Sweetener sachet,Cups Direct,Sugar Stick Range - Sweetener,CD3512,1000,EACH,1845,false,https://cupsdirect.co.uk/products/brown-white-sugar-sticks-range,2026-09-28,cupsdirect.co.uk price ex VAT (+20%); case pack from product tech table
Sweetener sachet,Brakes,Tate and Lyle Low Calorie Sweetener Sachets 0.5g,965,1000,EACH,1215,false,https://www.brake.co.uk/dry-store/sugar-sweeteners/bulk-sweeteners/bulk-sweeteners/tate-and-lyle-low-calorie-sweetener-sachets-0-5g/p/965,2026-09-28,Brakes ex-VAT price via brake.co.uk
Tomato ketchup sachet,Brakes,Heinz Tomato Ketchup Sachets 10ml,100356,200,EACH,1892,false,https://www.brake.co.uk/dry-store/condiments-pickles/individual-portion-condiments/sachets/heinz-tomato-ketchup-sachets-10ml/p/100356,2026-09-28,Brakes ex-VAT price via brake.co.uk; 200 x 10ml
Tomato ketchup sachet,Amazon,Heinz Tomato Ketchup Sachets 200x10ml,B010E0NWLY,200,EACH,997,true,https://www.amazon.co.uk/dp/B010E0NWLY,2026-09-28,Amazon.co.uk product page price on fetch date
Brown sauce sachet,Brakes,HP Brown Sauce Sachets 10ml,88882,200,EACH,2066,false,https://www.brake.co.uk/dry-store/condiments-pickles/individual-portion-condiments/sachets/hp-brown-sauce-sachets-10ml/p/88882,2026-09-28,Brakes ex-VAT price via brake.co.uk; 200 x 10ml
Brown sauce sachet,Amazon,HP The Original Brown Sauce 200 x 11.5g,B010E0OBL4,200,EACH,1790,true,https://www.amazon.co.uk/dp/B010E0OBL4,2026-09-28,Amazon.co.uk product page price on fetch date
Marmalade sachet,Brakes,Robertsons Assorted Marmalade Portions,141,100,EACH,1291,false,https://www.brake.co.uk/dry-store/jam-honey-spread/portions/portions/robertsons-assorted-marmalade-portions/p/141,2026-09-28,Brakes ex-VAT price via brake.co.uk; 100 x 20g portions
Marmalade sachet,Brakes,House Recipe Marmalade Portions,34023,100,EACH,1078,false,https://www.brake.co.uk/dry-store/jam-honey-spread/portions/portions/house-recipe-marmalade-portions/p/34023,2026-09-28,"Brakes ex-VAT price via brake.co.uk; 100 x 20g portions, own brand"
Apple juice carton,Brakes,The Juice Apple Juice 27 x 200ml,89657,27,EACH,1429,false,https://www.brake.co.uk/drinks-snacks/cold-beverages/pure-juice-smoothies/ambient-juice/the-juice-apple-juice/p/89657,2026-09-28,ex-VAT (standard-rated); Brakes logged-out price = list less avg 24% discount
Apple juice carton,Tesco,Tesco Apple Juice From Concentrate 200ml,312848689,1,EACH,45,true,https://www.tesco.com/groceries/en-GB/products/312848689,2026-09-28,price via trolley.co.uk https://www.trolley.co.uk/product/tesco-apple-juice-from-concentrate/FYU333; single carton
Black Cola,Brakes,Coca-Cola Zero Sugar 330ml can 24 pack,88533,24,EACH,1413,false,https://www.brake.co.uk/drinks-snacks/cold-beverages/carbonates/cola/coca-cola-zero-sugar-330ml/p/88533,2026-09-28,ex-VAT (standard-rated); Brakes logged-out price = list less avg 24% discount; assumes Black Cola = Coke Zero
Black Cola,Tesco,Coca-Cola Zero Sugar 30 x 330ml,321033194,30,EACH,1475,true,https://www.tesco.com/groceries/en-GB/products/321033194,2026-09-28,price via trolley.co.uk https://www.trolley.co.uk/product/coca-cola-zero-sugar/MCY521; assumes Black Cola = Coke Zero
Blue chocolate wafer,Tesco,Tunnock's Dark Chocolate Caramel Wafer Biscuits 8 x 30g,255452552,8,EACH,275,true,https://www.tesco.com/groceries/en-GB/products/255452552,2026-09-28,price via trolley.co.uk https://www.trolley.co.uk/product/tunnocks-dark-caramel-wafer-biscuits/NQR986; mapping to 'Dark Blue wafer' uncertain
Blue chocolate wafer,Tesco,Blue Riband Dark Chocolate Wafer Bars 6 x 17.5g,315975654,6,EACH,100,true,https://www.tesco.com/groceries/en-GB/products/315975654,2026-09-28,price via trolley.co.uk https://www.trolley.co.uk/product/blue-riband-dark-chocolate-wafer-bars/PMZ913; ALTERNATIVE candidate for 'Dark Blue wafer'
Capri-Sun pouch,Brakes,Capri-Sun Orange Zero 40 x 200ml,5023908,40,EACH,1499,false,https://www.brake.co.uk/drinks-snacks/cold-beverages/juice-drinks/still/capri-sun-orange-zero-200ml/p/5023908,2026-09-28,ex-VAT (standard-rated); Brakes logged-out price = list less avg 24% discount
Capri-Sun pouch,Tesco,Capri-Sun Zero Orange 8 x 200ml,315353181,8,EACH,300,true,https://www.tesco.com/groceries/en-GB/products/315353181,2026-09-28,price via trolley.co.uk https://www.trolley.co.uk/product/capri-sun-zero-orange/NWK009
Chocolate wafer,Brakes,Tunnock's Milk Chocolate Coated Caramel Wafer Biscuits 48 x 30g,27511,48,EACH,1420,false,https://www.brake.co.uk/drinks-snacks/snacks-confectionery/sweet-biscuits-cookies-and-cakes/chocolate-covered-biscuit/tunnock-s-milk-chocolate-coated-caramel-wafer-biscuits-30g/p/27511,2026-09-28,ex-VAT (standard-rated); Brakes logged-out price = list less avg 24% discount; mapping uncertain
Chocolate wafer,Tesco,Tunnock's Milk Chocolate Caramel Wafer Biscuits 8 x 30g,255526609,8,EACH,275,true,https://www.tesco.com/groceries/en-GB/products/255526609,2026-09-28,price via trolley.co.uk https://www.trolley.co.uk/product/tunnocks-caramel-wafer-biscuits/YJB620 (trolley title says 8 x 240g - it is 8 x 30g)
Coca-Cola,Brakes,Coca-Cola Original Taste 330ml can 24 pack,742,24,EACH,1549,false,https://www.brake.co.uk/drinks-snacks/cold-beverages/carbonates/cola/coca-cola-original-taste-330ml-can/p/742,2026-09-28,ex-VAT (standard-rated); Brakes logged-out price = list less avg 24% discount
Coca-Cola,Tesco,Coca-Cola Original Taste 24 x 330ml,273867627,24,EACH,1525,true,https://www.tesco.com/groceries/en-GB/products/273867627,2026-09-28,price via trolley.co.uk https://www.trolley.co.uk/product/coca-cola-original-taste/LVY649; Clubcard £12.50
Diet Coke,Brakes,Diet Coke 330ml can 24 pack,743,24,EACH,1299,false,https://www.brake.co.uk/drinks-snacks/cold-beverages/carbonates/cola/diet-coke-330ml-can/p/743,2026-09-28,ex-VAT (standard-rated); Brakes logged-out price = list less avg 24% discount
Diet Coke,Tesco,Diet Coke 24 x 330ml,273824391,24,EACH,1200,true,https://www.tesco.com/groceries/en-GB/products/273824391,2026-09-28,price via trolley.co.uk https://www.trolley.co.uk/product/diet-coke/ZQY485
Diet Coke,Amazon,Diet Coke 24 x 330ml,B01KZ3Y84K,24,EACH,933,true,https://www.amazon.co.uk/dp/B01KZ3Y84K,2026-09-28,price via trolley.co.uk https://www.trolley.co.uk/product/diet-coke/ZQY485
Fanta,Brakes,Fanta Orange 330ml can 24 pack,745,24,EACH,1489,false,https://www.brake.co.uk/drinks-snacks/cold-beverages/carbonates/flavoured/fanta-orange-330ml-can/p/745,2026-09-28,ex-VAT (standard-rated); Brakes logged-out price = list less avg 24% discount
Fanta,Tesco,Fanta Orange 24 x 330ml,321776265,24,EACH,1100,true,https://www.tesco.com/groceries/en-GB/products/321776265,2026-09-28,price via trolley.co.uk https://www.trolley.co.uk/product/fanta-orange-multipack/COZ333
Fruit Shoot,Brakes,Fruit Shoot Orange 24 x 200ml,100495,24,EACH,1185,false,https://www.brake.co.uk/drinks-snacks/cold-beverages/juice-drinks/still/fruit-shoot-orange-kids-juice-drink-200ml/p/100495,2026-09-28,ex-VAT (standard-rated); Brakes logged-out price = list less avg 24% discount
Fruit Shoot,Tesco,Fruit Shoot Orange No Added Sugar 8 x 200ml,264565520,8,EACH,360,true,https://www.tesco.com/groceries/en-GB/products/264565520,2026-09-28,price via trolley.co.uk https://www.trolley.co.uk/product/fruit-shoot-orange-kids-juice-drink/RNV090
Irn-Bru,Brakes,Irn-Bru 330ml can 24 pack,2200,24,EACH,1504,false,https://www.brake.co.uk/drinks-snacks/cold-beverages/carbonates/flavoured/irn-bru-can-330ml/p/2200,2026-09-28,ex-VAT (standard-rated); Brakes logged-out price = list less avg 24% discount
Irn-Bru,Tesco,Irn-Bru 8 x 330ml,272639024,8,EACH,415,true,https://www.tesco.com/groceries/en-GB/products/272639024,2026-09-28,price via trolley.co.uk https://www.trolley.co.uk/product/irn-bru-soft-drink/RBO896
Orange juice carton,Brakes,The Juice Orange Juice 27 x 200ml,89656,27,EACH,1529,false,https://www.brake.co.uk/drinks-snacks/cold-beverages/pure-juice-smoothies/ambient-juice/the-juice-orange-juice/p/89656,2026-09-28,ex-VAT (standard-rated); Brakes logged-out price = list less avg 24% discount
Orange juice carton,Tesco,Tesco Orange Juice Smooth From Concentrate 200ml,312696050,1,EACH,45,true,https://www.tesco.com/groceries/en-GB/products/312696050,2026-09-28,price via trolley.co.uk https://www.trolley.co.uk/product/tesco-orange-juice-smooth-from-concentrate/XDR154; single carton
Pom-Bear crisps,Brakes,Pom Bear Original Crisps 36 x 19g,110658,36,EACH,1648,false,https://www.brake.co.uk/drinks-snacks/snacks-confectionery/crisps-snacks-nuts/snacks/pom-bear-original-crisps-19g/p/110658,2026-09-28,ex-VAT (standard-rated); Brakes logged-out price = list less avg 24% discount
Pom-Bear crisps,Tesco,Pom-Bear Original Multipack 6 x 13g,302309577,6,EACH,225,true,https://www.tesco.com/groceries/en-GB/products/302309577,2026-09-28,"price via trolley.co.uk https://www.trolley.co.uk/product/pom-bear-original-multipack-crisps/IKY691; NOTE 13g multipack bags, café sells 19g"
Pringles can,Brakes,Pringles Original Snacking Crisps 12 x 40g,88575,12,EACH,750,false,https://www.brake.co.uk/drinks-snacks/snacks-confectionery/crisps-snacks-nuts/snacks/pringles-original-snacking-crisps-12-x-40g/p/88575,2026-09-28,"ex-VAT (standard-rated); Brakes logged-out price = list less avg 24% discount; same price for Paprika 134638, Texas BBQ 134639, Salt & Vinegar 114624, Sour Cream & Onion 88577"
Pringles can,Tesco,Pringles Original 40g,266460168,1,EACH,125,true,https://www.tesco.com/groceries/en-GB/products/266460168,2026-09-28,price via trolley.co.uk https://www.trolley.co.uk/product/pringles-original/XGT537; single can
Sparkling water,Brakes,Highland Spring Sparkling 500ml 24 pack (Scotland only),26062,24,EACH,942,false,https://www.brake.co.uk/drinks-snacks/cold-beverages/water/sparkling/highland-spring-sparkling-spring-water-500ml-scotland-only/p/26062,2026-09-28,ex-VAT (standard-rated); Brakes logged-out price = list less avg 24% discount
Sparkling water,Tesco,Highland Spring Sparkling Water 8 x 500ml,301940158,8,EACH,325,true,https://www.tesco.com/groceries/en-GB/products/301940158,2026-09-28,price via trolley.co.uk https://www.trolley.co.uk/product/highland-spring-sparkling-water/DGJ935
Sprite,Brakes,Sprite 330ml can 24 pack,100482,24,EACH,1599,false,https://www.brake.co.uk/drinks-snacks/cold-beverages/carbonates/flavoured/sprite-330ml/p/100482,2026-09-28,ex-VAT (standard-rated); Brakes logged-out price = list less avg 24% discount
Sprite,Tesco,Sprite Lemon-Lime 18 x 330ml,312829712,18,EACH,850,true,https://www.tesco.com/groceries/en-GB/products/312829712,2026-09-28,price via trolley.co.uk https://www.trolley.co.uk/product/sprite-18-cans/XCG460
Still water (bottle),Brakes,Strathmore Still Spring Water 500ml 24 pack,36095,24,EACH,896,false,https://www.brake.co.uk/drinks-snacks/cold-beverages/water/still/strathmore-still-spring-water-500ml-bottle/p/36095,2026-09-28,ex-VAT (standard-rated); Brakes logged-out price = list less avg 24% discount
Still water (bottle),Tesco,Highland Spring Still Water 12 x 500ml,258879002,12,EACH,370,true,https://www.tesco.com/groceries/en-GB/products/258879002,2026-09-28,price via trolley.co.uk https://www.trolley.co.uk/product/highland-spring-still-water/IVU459
Sugar-free Irn-Bru,Brakes,Irn-Bru Zero 330ml can 24 pack,118410,24,EACH,1504,false,https://www.brake.co.uk/drinks-snacks/cold-beverages/carbonates/flavoured/irn-bru-zero-330ml-can/p/118410,2026-09-28,ex-VAT (standard-rated); Brakes logged-out price = list less avg 24% discount
Sugar-free Irn-Bru,Amazon,IRN-BRU Sugar Free 24 x 330ml cans,B014CYKHEI,24,EACH,947,true,https://www.amazon.co.uk/dp/B014CYKHEI,2026-09-28,price via trolley.co.uk https://www.trolley.co.uk/product/irn-bru-sugar-free-soft-drink/MDF650; Tesco not listed on trolley for this
Tropicana OJ carton,Brakes,Tropicana Smooth Orange Juice Ambient 12 x 250ml,150226,12,EACH,1458,false,https://www.brake.co.uk/drinks-snacks/cold-beverages/pure-juice-smoothies/ambient-juice/tropicana-smooth-orange-juice-ambient-12x250ml/p/150226,2026-09-28,ex-VAT (standard-rated); Brakes logged-out price = list less avg 24% discount
Tropicana OJ carton,Brakes,Tropicana Smooth Orange Juice 48 x 250ml (chilled),74794,48,EACH,3792,false,https://www.brake.co.uk/drinks-snacks/cold-beverages/pure-juice-smoothies/chilled-juice/tropicana-smooth-orange-juice-48x250ml/p/74794,2026-09-28,"ex-VAT (standard-rated); Brakes logged-out price = list less avg 24% discount; CHILLED product, 79p/ea matches 80p estimate"
Bread (toastie),Brakes,Kingsmill Professional White Thick Sliced Bread 6 x 800g,5033797,6,EACH,750,false,https://www.brake.co.uk/bakery/bread/loaves/tin/kingsmill-professional-white-thick-sliced-bread-800g/p/5033797,2026-09-28,"ex-VAT, zero-rated; Brakes logged-out price = list less avg 24% discount; EACH = loaf"
Bread (toastie),Tesco,Warburtons Toastie Thick Sliced White Bread 800g,254942348,1,EACH,140,true,https://www.tesco.com/groceries/en-GB/products/254942348,2026-09-28,price via trolley.co.uk https://www.trolley.co.uk/product/warburtons-toastie-thick-sliced-white-bread/RZL743; zero-rated
Bread roll,Brakes,Sysco Classic Fully Baked Soft White Batch Rolls 36 x 51g,30319,36,EACH,896,false,https://www.brake.co.uk/bakery/bread/sandwich-breads/rolls/sysco-classic-fully-baked-soft-white-batch-rolls/p/30319,2026-09-28,"ex-VAT, zero-rated; Brakes logged-out price = list less avg 24% discount; frozen"
Bread roll,Brakes,McGhee's Morning Roll 6 x 8 x 50g (Scottish),54429,48,EACH,1276,false,https://www.brake.co.uk/bakery/bread/sandwich-breads/rolls/mcghee-s-morning-roll/p/54429,2026-09-28,"ex-VAT, zero-rated; Brakes logged-out price = list less avg 24% discount; frozen; Scottish morning roll alternative"
Bread roll,Tesco,Warburtons Soft Sliced White Rolls 6,262203117,6,EACH,125,true,https://www.tesco.com/groceries/en-GB/products/262203117,2026-09-28,price via trolley.co.uk https://www.trolley.co.uk/product/warburtons-6-soft-sliced-white-rolls/AKO095; zero-rated
Butter,Brakes,Brakes Salted Butter 40 x 250g,12718,10,KG,6379,false,https://www.brake.co.uk/dairy/butter-spread-fat/butter/bulk-salted/brakes-salted-butter/p/12718,2026-09-28,"ex-VAT, zero-rated; Brakes logged-out price = list less avg 24% discount"
Butter,Brakes,Brakes Salted Butter 20 x 250g,71128,5,KG,4080,false,https://www.brake.co.uk/dairy/butter-spread-fat/butter/bulk-salted/brakes-salted-butter/p/71128,2026-09-28,"ex-VAT, zero-rated; Brakes logged-out price = list less avg 24% discount"
Butter,Tesco,Tesco British Salted Block Butter 250g,290920510,0.25,KG,185,true,https://www.tesco.com/groceries/en-GB/products/290920510,2026-09-28,price via trolley.co.uk https://www.trolley.co.uk/product/tesco-british-salted-block-butter/MWS191; zero-rated
Cajun chicken panini (premade),Brakes,Tiffin Sandwiches BBQ Cajun Chicken Panini 1 x 24,134913,24,EACH,5334,false,https://www.brake.co.uk/meal-solutions/savoury-on-the-go/other-snacks/baked-snacks/tiffin-sandwiches-bbq-cajun-chicken-panini/p/134913,2026-09-28,"ex-VAT, zero-rated; Brakes logged-out price = list less avg 24% discount; frozen; £2.22/ea"
Cheese (toastie),Brakes,Sysco Classic Mild White Cheddar Cheese Slices 500g (25 slices),71256,0.5,KG,459,false,https://www.brake.co.uk/dairy/block-grated-cheese/cheddar/sliced/sysco-classic-mild-white-cheddar-cheese-slices/p/71256,2026-09-28,"ex-VAT, zero-rated; Brakes logged-out price = list less avg 24% discount"
Cheese (toastie),Brakes,Sysco Classic Grated Mature White Cheddar 1kg,71268,1,KG,679,false,https://www.brake.co.uk/dairy/block-grated-cheese/cheddar/grated-shredded/sysco-classic-grated-mature-white-cheddar-cheese/p/71268,2026-09-28,"ex-VAT, zero-rated; Brakes logged-out price = list less avg 24% discount"
Cheese (toastie),Tesco,Tesco British Medium Cheddar 10 Slices 250g,264156267,0.25,KG,250,true,https://www.tesco.com/groceries/en-GB/products/264156267,2026-09-28,price via trolley.co.uk https://www.trolley.co.uk/product/tesco-10-medium-cheddar-slices/FLH603; zero-rated
Cream cheese,Brakes,Philadelphia Original Soft White Cheese 1.65kg,71130,1.65,KG,1899,false,https://www.brake.co.uk/dairy/block-grated-cheese/soft-cheese/spreadable/philadelphia-original-soft-white-cheese-1-65kg/p/71130,2026-09-28,"ex-VAT, zero-rated; Brakes logged-out price = list less avg 24% discount"
Cream cheese,Brakes,Green Valley Dairy Full Fat Soft Cheese 2kg,591017,2,KG,1892,false,https://www.brake.co.uk/dairy/block-grated-cheese/soft-cheese/spreadable/green-valley-dairy-full-fat-soft-cheese/p/591017,2026-09-28,"ex-VAT, zero-rated; Brakes logged-out price = list less avg 24% discount"
Cream cheese,Tesco,Philadelphia Original Soft Cheese 280g,311687892,0.28,KG,325,true,https://www.tesco.com/groceries/en-GB/products/311687892,2026-09-28,price via trolley.co.uk https://www.trolley.co.uk/product/philadelphia-original-soft-cheese/BZD386; zero-rated
Ham & cheese toastie (premade),Brakes,Savour It Ham & Cheese Toastie 20 x 184g,62624,20,EACH,5155,false,https://www.brake.co.uk/meal-solutions/savoury-on-the-go/other-snacks/unbaked-snacks/savour-it-ham-cheese-toastie/p/62624,2026-09-28,"ex-VAT, zero-rated; Brakes logged-out price = list less avg 24% discount; frozen; £2.58/ea"
Ham & cheese toastie (premade),Brakes,Danora Croque Ham & Cheese Toastie 1 x 24,129396,24,EACH,6292,false,https://www.brake.co.uk/meal-solutions/savoury-on-the-go/other-snacks/baked-snacks/danora-croque-ham-cheese-toastie/p/129396,2026-09-28,"ex-VAT, zero-rated; Brakes logged-out price = list less avg 24% discount; frozen; £2.62/ea"
Ham (sliced),Brakes,Sysco Classic Sliced Ham 454g,74704,0.454,KG,721,false,https://www.brake.co.uk/delicatessen/cooked-cured-meat-poultry/ready-sliced/pork/sysco-classic-sliced-ham/p/74704,2026-09-28,"ex-VAT, zero-rated; Brakes logged-out price = list less avg 24% discount"
Ham (sliced),Tesco,Tesco British Cooked Ham Slices 120g,316177140,0.12,KG,230,true,https://www.tesco.com/groceries/en-GB/products/316177140,2026-09-28,price via trolley.co.uk https://www.trolley.co.uk/product/tesco-british-cooked-ham/KXA658; zero-rated
Jam sachet,Brakes,Hartley's Strawberry Jam Portions 100 x 20g,100318,100,EACH,1451,false,https://www.brake.co.uk/dry-store/jam-honey-spread/portions/portions/hartley-s-strawberry-jam-portions-100-x-20g/p/100318,2026-09-28,"ex-VAT, zero-rated; Brakes logged-out price = list less avg 24% discount"
Jam sachet,Brakes,Hartley's Assorted Jam Portions 100 x 20g,2911,100,EACH,1451,false,https://www.brake.co.uk/dry-store/jam-honey-spread/portions/portions/hartley-s-assorted-jam-portions-100-x-20g/p/2911,2026-09-28,"ex-VAT, zero-rated; Brakes logged-out price = list less avg 24% discount"
Margarita panini (premade),Brakes,Tiffin Sandwiches Margherita Panini 1 x 24,134912,24,EACH,5334,false,https://www.brake.co.uk/meal-solutions/savoury-on-the-go/other-snacks/baked-snacks/tiffin-sandwiches-margherita-panini/p/134912,2026-09-28,"ex-VAT, zero-rated; Brakes logged-out price = list less avg 24% discount; frozen; £2.22/ea"
Pancake mix,Brakes,Sysco Classic Yorkshire Pudding & Pancake Mix 3.5kg,151649,3.5,KG,1770,false,https://www.brake.co.uk/dry-store/baking-mixes-ingredients/flour-based-mixes/batter-mixes/sysco-classic-yorkshire-pudding-pancake-mix/p/151649,2026-09-28,"ex-VAT, zero-rated; Brakes logged-out price = list less avg 24% discount"
Panini bread,Brakes,Provencette Panini Baguette 55 x 100g,134443,55,EACH,2196,false,https://www.brake.co.uk/bakery/bread/sandwich-breads/panini/provencette-panini-baguette/p/134443,2026-09-28,"ex-VAT, zero-rated; Brakes logged-out price = list less avg 24% discount; frozen part-baked"
Panini bread,Brakes,Sysco Classic Part Baked White Panini Baguettes 50 x 100g,33097,50,EACH,2044,false,https://www.brake.co.uk/bakery/bread/sandwich-breads/panini/sysco-classic-part-baked-white-panini-baguettes/p/33097,2026-09-28,"ex-VAT, zero-rated; Brakes logged-out price = list less avg 24% discount; frozen part-baked"
Panini bread,Tesco,Tesco Panini 4 pack,268579198,4,EACH,165,true,https://www.tesco.com/groceries/en-GB/products/268579198,2026-09-28,price via trolley.co.uk https://www.trolley.co.uk/product/panini/LNC648; zero-rated
Plain croissant,Brakes,La Boulangerie All Butter Croissants 48 x 70g,135124,48,EACH,2386,false,https://www.brake.co.uk/bakery/sweet-bakery/viennoiserie/croissants/la-boulangerie-all-butter-croissants/p/135124,2026-09-28,"ex-VAT, zero-rated; Brakes logged-out price = list less avg 24% discount; frozen"
Plain croissant,Brakes,La Boulangerie Ready to Bake Straight All Butter Croissant 50 x 60g,135127,50,EACH,2127,false,https://www.brake.co.uk/bakery/sweet-bakery/viennoiserie/croissants/la-boulangerie-ready-to-bake-straight-all-butter-croissant/p/135127,2026-09-28,"ex-VAT, zero-rated; Brakes logged-out price = list less avg 24% discount; frozen ready-to-bake"
Plain croissant,Tesco,Tesco All Butter Croissants 4,255778823,4,EACH,150,true,https://www.tesco.com/groceries/en-GB/products/255778823,2026-09-28,price via trolley.co.uk https://www.trolley.co.uk/product/tesco-4-all-butter-croissants/AGJ568; zero-rated
Salami (sliced),Brakes,Sliced Danish Salami Smoked and Dried 4 x 250g,70306,1,KG,1382,false,https://www.brake.co.uk/delicatessen/cooked-cured-meat-poultry/continental/other-continental/sliced-danish-salami-smoked-and-dried-250g/p/70306,2026-09-28,"ex-VAT, zero-rated; Brakes logged-out price = list less avg 24% discount"
Salami (sliced),Brakes,Corte Buona Italian Salami Milano Slices 5 x 250g,116162,1.25,KG,2416,false,https://www.brake.co.uk/delicatessen/cooked-cured-meat-poultry/continental/italian/corte-buona-italian-salami-milano-slices/p/116162,2026-09-28,"ex-VAT, zero-rated; Brakes logged-out price = list less avg 24% discount"
Salami (sliced),Tesco,Tesco German Salami Selection 120g,277615281,0.12,KG,300,true,https://www.tesco.com/groceries/en-GB/products/277615281,2026-09-28,price via trolley.co.uk https://www.trolley.co.uk/product/tesco-german-salami-selection/KOF447; zero-rated
Smoked salmon,Brakes,Campbells & Co Smoked Salmon Long Sliced 500g,71082,0.5,KG,2036,false,https://www.brake.co.uk/fish-seafood/chilled-fish-seafood/chilled-smoked-cooked-in-oil-or-brine/salmon/campbells-co-smoked-salmon-long-sliced-500g/p/71082,2026-09-28,"ex-VAT, zero-rated; Brakes logged-out price = list less avg 24% discount; chilled"
Smoked salmon,Brakes,Vici D-Sliced Smoked Salmon 1kg (frozen),149749,1,KG,2264,false,https://www.brake.co.uk/fish-seafood/frozen-smkd-ckd-fish-seafood/smoked-salmon/smoked-salmon/vici-d-sliced-smoked-salmon/p/149749,2026-09-28,"ex-VAT, zero-rated; Brakes logged-out price = list less avg 24% discount; frozen"
Smoked salmon,Tesco,Mr Freeds Smoked Salmon 200g,265364733,0.2,KG,785,true,https://www.tesco.com/groceries/en-GB/products/265364733,2026-09-28,price via trolley.co.uk https://www.trolley.co.uk/product/mr-freeds-smoked-salmon/MVT282; zero-rated
Strawberries (fresh),Brakes,Strawberries 400g,450610,0.4,KG,366,false,https://www.brake.co.uk/fresh-produce/fruit/soft-fruit/strawberries/strawberries/p/450610,2026-09-28,"ex-VAT, zero-rated; Brakes logged-out price = list less avg 24% discount"
Strawberries (fresh),Tesco,Tesco Strawberries 400g,287529333,0.4,KG,250,true,https://www.tesco.com/groceries/en-GB/products/287529333,2026-09-28,price via trolley.co.uk https://www.trolley.co.uk/product/tesco-strawberries/TDP116; zero-rated
Tinned tuna,Brakes,Portico Classic Tuna Chunks In Brine 1.7kg,6359,1.7,KG,1079,false,https://www.brake.co.uk/dry-store/canned/canned-fish/tuna/portico-classic-tuna-chunks-in-brine/p/6359,2026-09-28,"ex-VAT, zero-rated; Brakes logged-out price = list less avg 24% discount; 1.7kg net can weight (drained weight lower, not shown)"
Tinned tuna,Brakes,Portico Classic Tuna Chunks in Brine 12 x 185g,125748,2.22,KG,1861,false,https://www.brake.co.uk/dry-store/canned/canned-fish/tuna/portico-classic-tuna-chunks-in-brine/p/125748,2026-09-28,"ex-VAT, zero-rated; Brakes logged-out price = list less avg 24% discount; net weight"
Tinned tuna,Tesco,Tesco Tuna Chunks In Brine 4 x 145g,303887500,0.58,KG,249,true,https://www.tesco.com/groceries/en-GB/products/303887500,2026-09-28,price via trolley.co.uk https://www.trolley.co.uk/product/tesco-tuna-chunks-in-brine/WLN565; net weight 4x145g; zero-rated
Balocco vanilla wafers 45g,Amazon,Balocco Snack Milk Vanilla Wafers 30 x 45g,B00247HHE4,30,EACH,1725,true,https://www.amazon.co.uk/dp/B00247HHE4,2026-09-28,price from search snippet ('1 offer from £17.25')
Baked beans,Brakes,Heinz Baked Beans 6 x 2.62kg,115013,15.72,KG,2399,false,https://www.brake.co.uk/dry-store/canned/canned-beans-pasta-meals/baked-beans/heinz-baked-beans-2-62kg/p/115013,2026-09-28,"ex-VAT, zero-rated; Brakes logged-out price = list less avg 24% discount"
Baked beans,Brakes,Sysco Classic Baked Beans in Tomato Sauce 2.62kg,186,2.62,KG,399,false,https://www.brake.co.uk/dry-store/canned/canned-beans-pasta-meals/baked-beans/sysco-classic-baked-beans-in-tomato-sauce/p/186,2026-09-28,"ex-VAT, zero-rated; Brakes logged-out price = list less avg 24% discount; single tin, full case 6"
Baked beans,Tesco,Heinz No Added Sugar Baked Beans 4 x 415g,295444806,1.66,KG,390,true,https://www.tesco.com/groceries/en-GB/products/295444806,2026-09-28,price via trolley.co.uk https://www.trolley.co.uk/product/heinz-no-added-sugar-baked-beans-in-a-rich-tomato-sauce/RNB908; 2.62kg catering tin not listed at Tesco; zero-rated
Banana pecan muffin,Cakesmiths,Banana & Pecan Muffin,7258,12,EACH,2045,false,https://www.cakesmiths.com/products/banana-pecan-muffin,2026-09-28,Cakesmiths trade price as listed on cakesmiths.com (cakes zero-rated); 12 individual muffins; sold out on fetch.
Billionaire's shortbread,Cakesmiths,Billionaire's Shortbread,2192,14,EACH,1695,false,https://www.cakesmiths.com/products/billionaires-shortbread,2026-09-28,"Cakesmiths trade price as listed on cakesmiths.com (cakes zero-rated); 14 pre-cut portions, £1.21/portion."
Blood orange cake (slice),Cakesmiths,Blood Orange & Raspberry Traycake,4152,18,EACH,2795,false,https://www.cakesmiths.com/products/blood-orange-raspberry,2026-09-28,Cakesmiths trade price as listed on cakesmiths.com (cakes zero-rated); 18 portions; closest match; sold out on fetch.
Blueberry muffin,Cakesmiths,Blueberry Muffins,7273,12,EACH,2115,false,https://www.cakesmiths.com/products/wholesale-blueberry-muffins,2026-09-28,Cakesmiths trade price as listed on cakesmiths.com (cakes zero-rated); 12 muffins; sold out / back soon on fetch.
Blueberry muffin,Brakes,Blueberry Muffins 24 x 70g,135290,24,EACH,1451,false,https://www.brake.co.uk/bakery/sweet-bakery/muffins-cupcakes/muffins/blueberry-muffins/p/135290,2026-09-28,"Brakes price as shown (ex-VAT, zero-rated cake); smaller 70g muffin vs Cakesmiths 140g; frozen."
Brownie bar,Cakesmiths,Ultimate Brownie,2001,14,EACH,1590,false,https://www.cakesmiths.com/products/ultimate-brownie,2026-09-28,Cakesmiths trade price as listed on cakesmiths.com (cakes zero-rated); 14 portions; assumed match.
Brownie bar,Brakes,La Boulangerie Fudgy Brownie Traybake 2 x 16,136932,32,EACH,2127,false,https://www.brake.co.uk/bakery/sweet-bakery/traybakes-slices/traybakes/la-boulangerie-fudgy-brownie-traybake/p/136932,2026-09-28,"Brakes price as shown (ex-VAT); 2 trays x 16 pre-cut portions, £0.66/portion; frozen, 3 days once defrosted."
Salted caramel brownie,Cakesmiths,Salted Caramel Brownie,2065,14,EACH,1695,false,https://www.cakesmiths.com/products/salted-caramel-brownie,2026-09-28,Cakesmiths trade price as listed on cakesmiths.com (cakes zero-rated); 14 portions.
Salted caramel brownie,Brakes,La Boulangerie Fudgy Brownie Traybake 2 x 16,136932,32,EACH,2127,false,https://www.brake.co.uk/bakery/sweet-bakery/traybakes-slices/traybakes/la-boulangerie-fudgy-brownie-traybake/p/136932,2026-09-28,"Substitute only: plain fudgy brownie, no salted caramel. Brakes ex-VAT price."
Cinnamon classic bun,Cakesmiths,Cinnamon Classic,8068,8,EACH,1395,false,https://www.cakesmiths.com/products/cinnamon-buns-wholesale,2026-09-28,Cakesmiths trade price as listed on cakesmiths.com (cakes zero-rated); 8 individual buns.
Lemon & pistachio cake,Cakesmiths,Lemon & Pistachio Blondie,2252,14,EACH,1850,false,https://www.cakesmiths.com/products/lemon-pistachio-blondie,2026-09-28,Cakesmiths trade price as listed on cakesmiths.com (cakes zero-rated); 14 portions; matches legacy £1.32.
Lemon & pistachio cake,Cakesmiths,"Lemon, Olive Oil & Pistachio",4071,21,EACH,2335,false,https://www.cakesmiths.com/products/lemon-pistachio-olive-oil,2026-09-28,"Cakesmiths trade price as listed on cakesmiths.com (cakes zero-rated); Alternative traycake, 21 portions £1.11; sold out on fetch; frozen min 6 months."
Lemon drizzle bar,Cakesmiths,Lemon Drizzle,4061,18,EACH,2675,false,https://www.cakesmiths.com/products/lemon-drizzle-traybake,2026-09-28,Cakesmiths trade price as listed on cakesmiths.com (cakes zero-rated); 18 portions £1.49 (legacy £0.91).
Lemon muffin,Cakesmiths,"Lemon, Poppyseed & White Chocolate Muffins",7270,12,EACH,2100,false,https://www.cakesmiths.com/products/lemon-poppyseed-white-chocolate-muffins,2026-09-28,Cakesmiths trade price as listed on cakesmiths.com (cakes zero-rated); 12 muffins; sold out on fetch.
Mini cookie,Brakes,Sysco Classic Chocolate Chunk Cookies 30 x 39g,4647,30,EACH,1816,false,https://www.brake.co.uk/bakery/sweet-bakery/cookies-biscuits/cookies/chocolate-chunk-cookies/p/4647,2026-09-28,"Plausible match only; Brakes ex-VAT price, £0.61/cookie; frozen."
Mini cookie,Cakesmiths,Milk Chocolate Chip Cookies,7400,30,EACH,3495,false,https://www.cakesmiths.com/products/milk-chocolate-chip-cookies,2026-09-28,"Cakesmiths trade price as listed on cakesmiths.com (cakes zero-rated); Alternative: 30 x 95g (not mini), £1.17 each; frozen 6 months, 3 days from defrost; sold out on fetch."
Morello cake (slice),Cakesmiths,Morello Cherry Blondie,2191,14,EACH,1725,false,https://www.cakesmiths.com/products/morello-cherry-blondie,2026-09-28,Cakesmiths trade price as listed on cakesmiths.com (cakes zero-rated); 14 portions; matches legacy £1.23.
Raspberry almond muffin,Cakesmiths,Raspberry & Almond Muffin,7259,12,EACH,2100,false,https://www.cakesmiths.com/products/raspberry-almond-muffin,2026-09-28,Cakesmiths trade price as listed on cakesmiths.com (cakes zero-rated); 12 muffins; sold out on fetch.
Raspberry matcha cheesecake,Cakesmiths,Raspberry & Matcha Cheesecake Blondie,2287,14,EACH,1850,false,https://www.cakesmiths.com/products/raspberry-matcha-cheesecake-blondie,2026-09-28,Cakesmiths trade price as listed on cakesmiths.com (cakes zero-rated); 14 portions; sold out on fetch.
Salted caramel bar,Cakesmiths,Toffee Crispy,2197,18,EACH,1850,false,https://www.cakesmiths.com/products/toffee-crispy,2026-09-28,Cakesmiths trade price as listed on cakesmiths.com (cakes zero-rated); UNCERTAIN match (closest caramel bar); 18 portions.
Sticky toffee Biscoff,Cakesmiths,Sticky Toffee with Biscoff spread,4087,18,EACH,2795,false,https://www.cakesmiths.com/products/sticky-toffee-biscoff,2026-09-28,Cakesmiths trade price as listed on cakesmiths.com (cakes zero-rated); 18 portions.
Tiramisu cake (slice),Cakesmiths,Tiramisu Blondie,2300,14,EACH,1900,false,https://www.cakesmiths.com/products/tiramisu-blondie,2026-09-28,Cakesmiths trade price as listed on cakesmiths.com (cakes zero-rated); 14 portions; matches legacy £1.35.
Tiramisu cake (slice),Cakesmiths,Tiramisu (traycake),4098,18,EACH,2595,false,https://www.cakesmiths.com/products/tiramisu-traycake,2026-09-28,"Cakesmiths trade price as listed on cakesmiths.com (cakes zero-rated); Alternative traycake, 18 portions; frozen life only 1 month; sold out on fetch."
Hojicha powder,Amazon,Maya Hojicha 100g Roasted Green Tea Powder,B0FSSHFT76,0.1,KG,1099,true,https://www.amazon.co.uk/dp/B0FSSHFT76,2026-09-28,"price from amazon.co.uk search results page (browser), non-sponsored listing"
Hojicha powder,Amazon,PerfectTed Hojicha Powder 100g,B0G8HP8KXD,0.1,KG,1599,true,https://www.amazon.co.uk/dp/B0G8HP8KXD,2026-09-28,"price from amazon.co.uk search results page (browser), non-sponsored listing"
Brown sugar syrup,Amazon,Sweetbird Brown Sugar Syrup 1L,B0F1TJVK7F,1000,ML,1225,true,https://www.amazon.co.uk/dp/B0F1TJVK7F,2026-09-28,"price from amazon.co.uk search results page (browser), non-sponsored listing"
Brown sugar syrup,Amazon,INSPIRE FOOD Bubble Tea Syrup - Brown Sugar 300ml,B09XF2N1H8,300,ML,799,true,https://www.amazon.co.uk/dp/B09XF2N1H8,2026-09-28,"price from amazon.co.uk search results page (browser), non-sponsored listing; bubble-tea specific"
Biscoff spread,Tesco,Lotus Biscoff Caramelised Biscuit Spread Smooth 400g,281928072,0.4,KG,320,true,https://www.tesco.com/groceries/en-GB/products/281928072,2026-09-28,price via trolley.co.uk https://www.trolley.co.uk/product/lotus-biscoff-spread/UZU815
Biscoff spread,Brakes,Lotus Biscoff Smooth Spread 1.6kg,133542,1.6,KG,1033,false,https://www.brake.co.uk/dry-store/jam-honey-spread/honey-other-spreads/honey-other-spreads/lotus-biscoff-smooth-spread-1-6kg/p/133542,2026-09-28,Brakes price ex-VAT (brake.co.uk public API/site)
Bananas (fresh),Tesco,Tesco Bananas Loose,275280804,1,EACH,16,true,https://www.tesco.com/groceries/en-GB/products/275280804,2026-09-28,price via trolley.co.uk https://www.trolley.co.uk/product/bananas-loose/JOC529; per banana; zero-rated
Ground cinnamon,Tesco,Tesco Ground Cinnamon 36g,316187030,0.036,KG,100,true,https://www.tesco.com/groceries/en-GB/products/316187030,2026-09-28,price via trolley.co.uk https://www.trolley.co.uk/product/tesco-ground-cinnamon/SYE196
Ground cinnamon,Brakes,Sysco Classic Ground Cassia Cinnamon 450g,33581,0.45,KG,592,false,https://www.brake.co.uk/dry-store/cooking-ingredients/herbs-spices-seasonings/spices/sysco-classic-ground-cassia-cinnamon/p/33581,2026-09-28,Brakes price ex-VAT (brake.co.uk public API/site)
Sweetened condensed milk,Tesco,Tesco Sweetened Condensed Milk 397g,288716611,0.397,KG,89,true,https://www.tesco.com/groceries/en-GB/products/288716611,2026-09-28,price via trolley.co.uk https://www.trolley.co.uk/product/tesco-sweetened-condensed-milk/CDS288
Sweetened condensed milk,Brakes,Brakes Full Cream Sweetened Condensed Milk 397g,4515,0.397,KG,235,false,https://www.brake.co.uk/dairy/milk/uht/milk-alternatives/brakes-full-cream-sweetened-condensed-milk/p/4515,2026-09-28,Brakes price ex-VAT (brake.co.uk public API/site)
Ube powder,Amazon,NutraZen Premium Ube Powder 100g (100% purple yam),B0GWMZTTTV,0.1,KG,899,true,https://www.amazon.co.uk/dp/B0GWMZTTTV,2026-09-28,"price from amazon.co.uk search results page (browser), non-sponsored listing"
Ube powder,Amazon,CRV Ube Powder (Purple Yam Powder) 1kg,B0GYKBV983,1,KG,4500,true,https://www.amazon.co.uk/dp/B0GYKBV983,2026-09-28,"price from amazon.co.uk search results page (browser), non-sponsored listing; bulk size"
Kiwi syrup (Monin),Amazon,MONIN Premium Kiwi Syrup 700ml,B004FN4UZO,700,ML,799,true,https://www.amazon.co.uk/dp/B004FN4UZO,2026-09-28,"price from amazon.co.uk search results page (browser), non-sponsored listing"
Kiwi syrup (Monin),Amazon,Monin Kiwi Syrup 70cl Case of 6,B01G9M37HA,4200,ML,5999,true,https://www.amazon.co.uk/dp/B01G9M37HA,2026-09-28,"price from amazon.co.uk search results page (browser), non-sponsored listing; 6 x 700ml; not listed at Brakes (API search)"
Greek yogurt,Tesco,Tesco Greek Style Natural Yogurt 1kg,296360788,1,KG,170,true,https://www.tesco.com/groceries/en-GB/products/296360788,2026-09-28,price via trolley.co.uk https://www.trolley.co.uk/product/tesco-greek-style-natural-yogurt/ZVI704; Greek style
Greek yogurt,Brakes,Wholesome Farms Greek Style Yoghurt 5kg,114931,5,KG,3746,false,https://www.brake.co.uk/dairy/yoghurt/bulk/chilled/wholesome-farms-greek-style-yoghurt/p/114931,2026-09-28,Brakes price ex-VAT (brake.co.uk public API/site)
Vanilla yogurt,Tesco,Onken Biopot Fat Free Vanilla Yogurt 450g,313741433,0.45,KG,215,true,https://www.tesco.com/groceries/en-GB/products/313741433,2026-09-28,price via trolley.co.uk https://www.trolley.co.uk/product/onken-biopot-fat-free-vanilla-yoghurt/ZYU016
Cottage cheese,Tesco,Tesco Fat Free Cottage Cheese 300g,294770087,0.3,KG,165,true,https://www.tesco.com/groceries/en-GB/products/294770087,2026-09-28,price via trolley.co.uk search https://www.trolley.co.uk/product/tesco-fat-free-cottage-cheese/OAX621
Cottage cheese,Brakes,Green Valley Dairy Cottage Cheese 2kg,18419,2,KG,1557,false,https://www.brake.co.uk/dairy/block-grated-cheese/soft-cheese/spreadable/green-valley-dairy-cottage-cheese/p/18419,2026-09-28,Brakes price ex-VAT (brake.co.uk public API/site)
Golden syrup,Tesco,Tesco Golden Syrup 680g,303668040,475.5,ML,180,true,https://www.tesco.com/groceries/en-GB/products/303668040,2026-09-28,"price via trolley.co.uk https://www.trolley.co.uk/product/tesco-golden-syrup/SPK294; sold by weight, not converted to ML; sold as 680g, converted to 475.5 ML at 1.43 kg/L (https://en.wikipedia.org/wiki/Golden_syrup)"
Golden syrup,Brakes,Lyle's Golden Syrup Squeezy 750g,128761,524.5,ML,250,false,https://www.brake.co.uk/dry-store/baking-mixes-ingredients/baking-ingredients/syrup-treacle/lyle-s-golden-syrup-squeezy-750g/p/128761,2026-09-28,"Brakes price ex-VAT (brake.co.uk public API/site); sold by weight, not converted to ML; sold as 750g, converted to 524.5 ML at 1.43 kg/L (https://en.wikipedia.org/wiki/Golden_syrup)"
Blueberries (fresh),Tesco,Tesco Blueberries 150g,287356888,0.15,KG,200,true,https://www.tesco.com/groceries/en-GB/products/287356888,2026-09-28,price via trolley.co.uk https://www.trolley.co.uk/product/tesco-blueberries/IBD496; 350g also listed at 300p
Blueberries (fresh),Brakes,Blueberries 300g,591248,0.3,KG,539,false,https://www.brake.co.uk/fresh-produce/fruit/soft-fruit/blueberries/blueberries/p/591248,2026-09-28,Brakes price ex-VAT (brake.co.uk public API/site); fresh
Raspberries (fresh),Tesco,Tesco Finest Raspberries 150g,287377771,0.15,KG,295,true,https://www.tesco.com/groceries/en-GB/products/287377771,2026-09-28,price via trolley.co.uk https://www.trolley.co.uk/product/tesco-finest-raspberries/JPR825
Raspberries (fresh),Brakes,Raspberries 225g,5001527,0.225,KG,508,false,https://www.brake.co.uk/fresh-produce/fruit/soft-fruit/raspberries/raspberries/p/5001527,2026-09-28,Brakes price ex-VAT (brake.co.uk public API/site); fresh
Wild rocket,Tesco,Tesco Wild Rocket 60g,299963865,0.06,KG,100,true,https://www.tesco.com/groceries/en-GB/products/299963865,2026-09-28,price via trolley.co.uk https://www.trolley.co.uk/product/tesco-wild-rocket/GEK600
Wild rocket,Brakes,Wild Roquette 1kg,450506,1,KG,594,false,https://www.brake.co.uk/fresh-produce/salad-herbs/lettuce/roquette/wild-roquette/p/450506,2026-09-28,Brakes price ex-VAT (brake.co.uk public API/site)
Seeded brown bread,Tesco,Tesco Finest Wholemeal Seeds & Grains Loaf 800g,305737088,1,EACH,175,true,https://www.tesco.com/groceries/en-GB/products/305737088,2026-09-28,"price via trolley.co.uk https://www.trolley.co.uk/product/tesco-finest-wholemeal-seeds-and-grains-bread/JBK817; 1 EACH = one 800g loaf, slice count not stated; contains poppy/sunflower/pumpkin seeds"
Granola,Tesco,Tesco Honey & Almond Granola 1kg,307754726,1,KG,220,true,https://www.tesco.com/groceries/en-GB/products/307754726,2026-09-28,price via trolley.co.uk https://www.trolley.co.uk/product/tesco-honey-almond-granola/SQB045
Granola,Brakes,Just Live a Little Raisin & Almond Granola 4 x 2kg,149528,8,KG,2796,false,https://www.brake.co.uk/dry-store/breakfast-cereals/granola-muesli/granola-muesli/just-live-a-little-raisin-almond-granola/p/149528,2026-09-28,Brakes price ex-VAT (brake.co.uk public API/site); case of 4 x 2kg
Porridge oats,Tesco,Tesco Scottish Oats Porridge 2kg,292990837,2,KG,245,true,https://www.tesco.com/groceries/en-GB/products/292990837,2026-09-28,price via trolley.co.uk https://www.trolley.co.uk/product/tesco-scottish-oats-porridge/HYQ150
Porridge oats,Brakes,Osprio Flaked Porridge Oats 2kg,25148,2,KG,280,false,https://www.brake.co.uk/dry-store/breakfast-cereals/porridge-oats/porridge-oats/osprio-flaked-porridge-oats/p/25148,2026-09-28,Brakes price ex-VAT (brake.co.uk public API/site)
Chia seeds,Tesco,Tesco Chia Seeds 150g,290594510,0.15,KG,180,true,https://www.tesco.com/groceries/en-GB/products/290594510,2026-09-28,price via trolley.co.uk https://www.trolley.co.uk/product/tesco-chia-seeds/NEV282; Clubcard 145p
Chia seeds,Brakes,Curtis Chia Seeds 450g,132721,0.45,KG,280,false,https://www.brake.co.uk/dry-store/baking-mixes-ingredients/baking-fruit-nuts-seeds/seeds/curtis-chia-seeds-1x450g/p/132721,2026-09-28,Brakes price ex-VAT (brake.co.uk public API/site)
Eggs,Tesco,Tesco Large Free Range Eggs 12 Pack,260298456,12,EACH,330,true,https://www.tesco.com/groceries/en-GB/products/260298456,2026-09-28,price via trolley.co.uk https://www.trolley.co.uk/product/tesco-large-free-range-eggs/MJL738
Eggs,Brakes,Brakes 15 Dozen British Fresh Free Range Medium Eggs,70327,180,EACH,5281,false,https://www.brake.co.uk/dairy/eggs/shell/free-range/brakes-15-dozen-british-fresh-free-range-medium-eggs/p/70327,2026-09-28,Brakes price ex-VAT (brake.co.uk public API/site); Scotland-only Scottish version 122384 is 5836p
Avocado,Tesco,Tesco Ripe & Ready Avocado,255903025,1,EACH,69,true,https://www.tesco.com/groceries/en-GB/products/255903025,2026-09-28,price via trolley.co.uk https://www.trolley.co.uk/product/tesco-ripe-ready-avocado/UNK889; usual 75p
Avocado,Brakes,Avocados twin pack,10306,2,EACH,323,false,https://www.brake.co.uk/fresh-produce/salad-herbs/avocados/standard/avocados/p/10306,2026-09-28,Brakes price ex-VAT (brake.co.uk public API/site)
Salad leaves,Tesco,Tesco Mixed Leaf Salad 120g,292593115,0.12,KG,120,true,https://www.tesco.com/groceries/en-GB/products/292593115,2026-09-28,price via trolley.co.uk https://www.trolley.co.uk/product/tesco-mixed-leaf-salad/BIC157
Salad leaves,Brakes,Salad Mix 500g,20063,0.5,KG,288,false,https://www.brake.co.uk/fresh-produce/salad-herbs/prepared-salad-herbs/leaf/salad-mix/p/20063,2026-09-28,Brakes price ex-VAT (brake.co.uk public API/site)
Tomatoes (fresh),Tesco,Tesco Salad Tomatoes 650g,296056918,0.65,KG,155,true,https://www.tesco.com/groceries/en-GB/products/296056918,2026-09-28,price via trolley.co.uk https://www.trolley.co.uk/product/tesco-salad-tomatoes/NLS796
Tomatoes (fresh),Brakes,Class 2 Tomatoes 6kg,450154,6,KG,1064,false,https://www.brake.co.uk/fresh-produce/salad-herbs/tomatoes/standard/class-2-tomatoes/p/450154,2026-09-28,Brakes price ex-VAT (brake.co.uk public API/site); Class 2; Red Tomatoes M/MM 6kg (501370) is 1141p
Peppers (fresh),Tesco,Tesco Sweet Peppers 500g,295673143,0.5,KG,210,true,https://www.tesco.com/groceries/en-GB/products/295673143,2026-09-28,price via trolley.co.uk https://www.trolley.co.uk/product/tesco-sweet-peppers/RUG766
Peppers (fresh),Brakes,Red Peppers 1kg,525271,1,KG,388,false,https://www.brake.co.uk/fresh-produce/salad-herbs/peppers/red/red-peppers/p/525271,2026-09-28,Brakes price ex-VAT (brake.co.uk public API/site)
Back bacon rasher,Tesco,Tesco Unsmoked Back Bacon Rashers 300g (10 rashers),267991943,10,EACH,149,true,https://www.tesco.com/groceries/en-GB/products/267991943,2026-09-28,price via trolley.co.uk https://www.trolley.co.uk/product/tesco-unsmoked-back-bacon-10-rashers/HAW202
Back bacon rasher,Brakes,Prime Meats Unsmoked Back Bacon 2.27kg,591855,46,EACH,869,false,https://www.brake.co.uk/meat-poultry/chilled-processed-meat/bacon/back-bacon/prime-meats-unsmoked-back-bacon/p/591855,2026-09-28,Brakes price ex-VAT (brake.co.uk public API/site); approx 46 rashers per 2.27kg pack (Brakes description)
Pork sausage,Tesco,Tesco 12 Pork Sausages 681g,265236085,12,EACH,265,true,https://www.tesco.com/groceries/en-GB/products/265236085,2026-09-28,price via trolley.co.uk https://www.trolley.co.uk/product/tesco-12-pork-sausages/YXN052
Pork sausage,Brakes,Sysco Classic British Red Tractor 65% Pork Sausage 8s,105864,80,EACH,3191,false,https://www.brake.co.uk/meat-poultry/frozen-processed-meat/sausages/traditional-style/sysco-classic-british-red-tractor-65-pork-sausage-8s/p/105864,2026-09-28,"Brakes price ex-VAT (brake.co.uk public API/site); 80 x 57g, FROZEN, gluten free"
Parmesan,Tesco,Tesco Parmigiano Reggiano Cheese 200g,260663698,0.2,KG,400,true,https://www.tesco.com/groceries/en-GB/products/260663698,2026-09-28,price via trolley.co.uk https://www.trolley.co.uk/product/tesco-parmigiano-reggiano/PIX592
Parmesan,Brakes,Granarolo Grated Parmigiano Reggiano 1kg,149911,1,KG,2568,false,https://www.brake.co.uk/delicatessen/speciality-cheese/italian-cheese/hard-italian-cheese/granarolo-grated-parmigiano-reggiano/p/149911,2026-09-28,Brakes price ex-VAT (brake.co.uk public API/site)
Croutons,Tesco,Tesco Garlic & Herb Croutons 100g,264880584,0.1,KG,110,true,https://www.tesco.com/groceries/en-GB/products/264880584,2026-09-28,price via trolley.co.uk https://www.trolley.co.uk/product/tesco-garlic-herb-croutons/LAL694
Croutons,Brakes,Brioche Pasquier Baked Cubic Plain Croutons 500g,5014852,0.5,KG,349,false,https://www.brake.co.uk/dry-store/soup/croutons/croutons/brioche-pasquier-baked-cubic-plain-croutons/p/5014852,2026-09-28,Brakes price ex-VAT (brake.co.uk public API/site)
Caesar dressing,Tesco,Cardini's Caesar Dressing Original 350ml,257896616,350,ML,275,true,https://www.tesco.com/groceries/en-GB/products/257896616,2026-09-28,price via trolley.co.uk https://www.trolley.co.uk/product/cardinis-original-caesar-dressing/VFQ998
Caesar dressing,Brakes,Cardini Original Caesar Dressing 1.1L,106152,1100,ML,1322,false,https://www.brake.co.uk/dry-store/condiments-pickles/bulk-condiments/salad-dressing/cardini-original-caesar-dressing/p/106152,2026-09-28,Brakes price ex-VAT (brake.co.uk public API/site)
Ciabatta roll,Tesco,Tesco Ciabatta Roll (4),255119821,4,EACH,165,true,https://www.tesco.com/groceries/en-GB/products/255119821,2026-09-28,price via trolley.co.uk https://www.trolley.co.uk/product/ciabatta-roll/GYW937
Ciabatta roll,Brakes,La Boulangerie Part Baked Ciabatta Sandwich Rolls 30 x 120g,136368,30,EACH,1519,false,https://www.brake.co.uk/bakery/bread/sandwich-breads/ciabatta/la-boulangerie-part-baked-ciabatta-sandwich-rolls/p/136368,2026-09-28,Brakes price ex-VAT (brake.co.uk public API/site); part-baked
Belgian waffle mix,Amazon,Global Gourmet Luxury Belgian Style Waffle & Pancake Mix 1kg,B0843CXW3N,1,KG,985,true,https://www.amazon.co.uk/dp/B0843CXW3N,2026-09-28,"price from amazon.co.uk search results page (browser), non-sponsored listing"
Belgian waffle mix,Brakes,Sysco Classic Waffle Mix 3.5kg,151656,3.5,KG,1322,false,https://www.brake.co.uk/dry-store/baking-mixes-ingredients/flour-based-mixes/sweet-mixes/sysco-classic-waffle-mix-3-5kg/p/151656,2026-09-28,"Brakes price ex-VAT (brake.co.uk public API/site); generic waffle mix, not labelled Belgian"
Potato waffle (frozen),Tesco,Birds Eye 18 The Original Potato Waffles 1.02kg,277314942,18,EACH,380,true,https://www.tesco.com/groceries/en-GB/products/277314942,2026-09-28,price via trolley.co.uk https://www.trolley.co.uk/product/birds-eye-18-potato-waffles/PTT426
Pistachio spread,Amazon,Eastanbul Pistachio Cream 565g,B0FLYH2P85,0.565,KG,999,true,https://www.amazon.co.uk/dp/B0FLYH2P85,2026-09-28,"price from amazon.co.uk search results page (browser), non-sponsored listing"
Pistachio spread,Brakes,Black Milk Pistachio Cream 3kg,5025998,3,KG,5616,false,https://www.brake.co.uk/dry-store/jam-honey-spread/honey-other-spreads/honey-other-spreads/black-milk-pistachio-cream/p/5025998,2026-09-28,Brakes price ex-VAT (brake.co.uk public API/site)
